id,name,platform,year,genre,publisher,NA_Sales,EU_Sales,JP_Sales,Other_Sales,Global_Sales,img,info
0,The Incredibles / Finding Nemo,GBA,2007,Action,THQ,1.26,0.47,0,0.03,1.76,,
1,Hitman: Absolution,X360,2012,Action,Square Enix,0.68,0.9,0.01,0.17,1.76,games/image/Hitman.jpg,games/text/Hitman.txt
2,BioShock Infinite,PS3,2013,Shooter,Take-Two Interactive,0.72,0.69,0.04,0.31,1.76,,
3,State of Emergency,PS2,2002,Action,Take-Two Interactive,0.86,0.67,0,0.22,1.76,,
4,Tom Clancy's Ghost Recon,XB,2002,Shooter,Ubisoft,1.23,0.46,0,0.07,1.76,,
5,Def Jam: Fight for NY,PS2,2004,Fighting,Electronic Arts,0.86,0.67,0,0.22,1.76,,
6,Kid Icarus,NES,1986,Platform,Nintendo,0.53,0.12,1.09,0.02,1.76,,
7,Sonic the Hedgehog 3,GEN,1994,Platform,Sega,1.02,0.47,0.2,0.07,1.76,games/image/Golden.jpg,games/text/Golden.txt
8,Golden Sun,GBA,2001,Role-Playing,Nintendo,0.93,0.38,0.4,0.06,1.76,,
9,The SpongeBob SquarePants Movie,PS2,2004,Platform,THQ,1.06,0.54,0,0.16,1.76,,
10,WWF Attitude,PS,1998,Fighting,Acclaim Entertainment,1.27,0.42,0,0.07,1.76,,
11,Metroid II: Return of Samus,GB,1991,Adventure,Nintendo,0.85,0.31,0.56,0.04,1.76,,
12,UFC 2009 Undisputed,PS3,2009,Fighting,THQ,1.07,0.45,0.01,0.24,1.77,,
13,Dead or Alive 3,XB,2001,Fighting,Microsoft Game Studios,1.19,0.29,0.24,0.06,1.77,,
14,Final Fantasy II,SNES,1991,Role-Playing,Square,0.24,0.09,1.33,0.12,1.77,games/image/FinalFantasy.jpg,games/text/FinalFantasy.txt
15,Kirby 64: The Crystal Shards,N64,2000,Platform,Nintendo,0.63,0.06,1.03,0.04,1.77,,
16,Madden NFL 25,PS3,2013,Sports,Electronic Arts,1.59,0.03,0,0.15,1.77,,
17,Wii Party U,WiiU,2013,Misc,Nintendo,0.31,0.54,0.84,0.08,1.77,,
18,High School Musical: Sing It!,Wii,2007,Misc,Disney Interactive Studios,1.16,0.45,0,0.16,1.77,,
19,50 Cent: Bulletproof,PS2,2005,Action,Vivendi Games,0.85,0.76,0,0.16,1.77,,
20,The Legend of Zelda: The Wind Waker,WiiU,2013,Action,Nintendo,0.93,0.57,0.14,0.13,1.77,,
21,Dragon's Dogma,PS3,2012,Role-Playing,Capcom,0.41,0.46,0.72,0.19,1.78,,
22,Just Cause 2,PS3,2010,Action,Square Enix,0.45,0.94,0.06,0.33,1.78,games/image/JustCause.jpg,games/text/JustCause.txt
23,Professor Layton and the Mask of Miracle,3DS,2011,Puzzle,Nintendo,0.32,0.95,0.36,0.14,1.78,,
24,The Getaway: Black Monday,PS2,2004,Action,Sony Computer Entertainment,0.39,1.01,0.02,0.36,1.78,,
25,SpongeBob SquarePants: SuperSponge,PS,2001,Action,THQ,1.12,0.58,0,0.08,1.78,,
26,Dragon Quest Monsters: Joker,DS,2006,Role-Playing,Square Enix,0.23,0.03,1.49,0.03,1.78,,
27,Midnight Club II,PS2,2003,Racing,Take-Two Interactive,1.25,0.29,0,0.24,1.78,,
28,Kinect Star Wars,X360,2012,Action,Microsoft Game Studios,1.05,0.57,0.03,0.14,1.78,,
29,Beyond: Two Souls,PS3,2013,Adventure,Sony Computer Entertainment,0.52,0.88,0.06,0.34,1.79,,
30,Disney's The Lion King,SNES,1994,Platform,Virgin Interactive,1.26,0.39,0.08,0.06,1.79,games/image/Lionking.jpg,games/text/Lionking.txt
31,Call of Duty: Black Ops 3,PS3,2015,Shooter,Activision,0.49,0.96,0.07,0.27,1.79,games/image/COD.jpg,games/text/COD.txt
32,NFL GameDay 2000,PS,1999,Sports,989 Studios,1,0.68,0,0.12,1.8,,
33,NBA 2K11,PS3,2010,Action,Take-Two Interactive,1.41,0.21,0.03,0.16,1.8,,
34,Madden NFL 07,X360,2006,Sports,Electronic Arts,1.66,0,0.01,0.13,1.8,,
35,Sonic Advance 2,GBA,2002,Platform,Sega,0.93,0.59,0.21,0.07,1.8,,
36,Guitar Hero: World Tour,PS2,2008,Misc,Activision,1,0.03,0,0.77,1.8,,
37,Sly 2: Band of Thieves,PS2,2004,Platform,Sony Computer Entertainment,0.88,0.69,0,0.23,1.81,,
38,Virtua Fighter 4,PS2,2002,Fighting,Sega,0.78,0.44,0.56,0.04,1.81,,
39,Crazy Taxi,DC,2000,Racing,Sega,1.1,0.51,0.12,0.08,1.81,,
40,DDRMAX2: Dance Dance Revolution,PS2,2003,Simulation,Konami Digital Entertainment,1.05,0.59,0,0.18,1.81,,
41,The Evil Within,PS4,2014,Action,Bethesda Softworks,0.55,0.84,0.11,0.31,1.81,,
42,Dragon Quest VI: Realms of Revelation,DS,2010,Role-Playing,Nintendo,0.22,0.21,1.35,0.03,1.81,,
43,Metroid Prime 3: Corruption,Wii,2007,Shooter,Nintendo,0.91,0.74,0.07,0.09,1.82,,
44,The Sims: Hot Date,PC,2001,Simulation,Electronic Arts,1.81,0,0,0,1.82,,
45,Namco Museum,PS2,2001,Misc,Namco Bandai Games,1.73,0.07,0,0.02,1.82,,
46,Sonic & Knuckles,GEN,1994,Platform,Sega,1.24,0.43,0.03,0.12,1.82,,
47,Kirby: Triple Deluxe,3DS,2014,Platform,Nintendo,0.61,0.34,0.79,0.09,1.82,,
48,Air Combat,PS,1995,Simulation,Sony Computer Entertainment,0.92,0.33,0.52,0.05,1.83,,
49,The Orange Box,X360,2007,Shooter,Electronic Arts,1.09,0.54,0.02,0.17,1.83,,
50,Secret of Mana,SNES,1993,Role-Playing,SquareSoft,0.25,0.07,1.49,0.02,1.83,,
51,Just Cause 3,PS4,2015,Action,Square Enix,0.46,1.02,0.07,0.28,1.83,,
52,Jet Moto,PS,1996,Racing,Sony Computer Entertainment,1.33,0.4,0.03,0.07,1.83,,
53,World of Warcraft: Mists of Pandaria,PC,2012,Role-Playing,Activision,0.84,0.76,0,0.23,1.83,,
54,2 Games in 1: Sonic Advance & ChuChu Rocket!,GBA,2005,Misc,THQ,1.31,0.49,0,0.03,1.83,,
55,"Hey You, Pikachu!",N64,1998,Simulation,Nintendo,0.83,0.06,0.93,0,1.83,,
56,NCAA Football 06,PS2,2005,Sports,Electronic Arts,1.53,0.05,0,0.25,1.84,,
57,Demon's Souls,PS3,2009,Role-Playing,Namco Bandai Games,0.97,0.34,0.35,0.18,1.84,,
58,Gran Turismo Concept 2001 Tokyo,PS2,2001,Racing,Unknown,0,1.1,0.42,0.33,1.84,,
59,inFAMOUS 2,PS3,2011,Action,Sony Computer Entertainment,1.05,0.49,0.08,0.23,1.85,,
60,Pinball,NES,1984,Action,Nintendo,0.8,0.19,0.83,0.03,1.85,,
61,Kingdom Hearts: Chain of Memories,GBA,2004,Role-Playing,Square Enix,1.26,0.18,0.35,0.06,1.85,,
62,Rayman Raving Rabbids 2,Wii,2007,Misc,Ubisoft,0.83,0.82,0,0.2,1.85,,
63,Jak 3,PS2,2004,Platform,Sony Computer Entertainment,1.33,0.49,0,0.03,1.85,,
64,Mario Party: Island Tour,3DS,2013,Misc,Nintendo,0.61,0.59,0.55,0.11,1.85,,
65,GoldenEye 007 (2010),Wii,2010,Action,Activision,0.85,0.71,0.13,0.16,1.86,,
66,Chrono Cross,PS,1999,Role-Playing,SquareSoft,0.62,0.42,0.69,0.12,1.86,,
67,Phineas and Ferb,DS,2009,Action,Disney Interactive Studios,1.34,0.37,0,0.15,1.86,,
68,NBA Live 2002,PS2,2001,Sports,Electronic Arts,0.91,0.71,0,0.24,1.86,,
69,LittleBigPlanet 3,PS4,2014,Platform,Sony Computer Entertainment,0.64,0.92,0.01,0.29,1.86,,
70,SingStar,PS2,2004,Misc,Sony Computer Entertainment,0,1.37,0,0.49,1.86,,
71,Turok 2: Seeds of Evil,N64,1997,Platform,Acclaim Entertainment,1.37,0.41,0.04,0.04,1.86,,
72,The Legend of Dragoon,PS,1999,Role-Playing,Sony Computer Entertainment,0.94,0.44,0.39,0.1,1.86,,
73,Shrek 2,PS2,2004,Platform,Activision,1.12,0.69,0.03,0.02,1.86,,
74,Madden NFL 06,XB,2005,Sports,Electronic Arts,1.75,0.03,0,0.08,1.86,,
75,The Legend of Zelda: Oracle of Seasons,GB,2001,Adventure,Nintendo,0.87,0.52,0.41,0.06,1.86,,
76,Donkey Kong Country Returns,3DS,2013,Platform,Nintendo,0.73,0.62,0.4,0.12,1.87,,
77,Dynasty Warriors 3,PS2,2001,Action,THQ,0.53,0.16,1.07,0.1,1.87,,
78,FIFA 2000,PS,1998,Sports,Electronic Arts,0.22,1.47,0.04,0.14,1.87,,
79,Star Fox Adventures,GC,2002,Adventure,Nintendo,0.96,0.53,0.3,0.09,1.87,,
80,WCW Nitro,PS,1998,Fighting,THQ,1.42,0.36,0.03,0.07,1.88,,
81,Medal of Honor: European Assault,PS2,2005,Shooter,Electronic Arts,0.89,0.69,0.09,0.21,1.88,,
82,Hot Shots Golf 2,PS,1999,Sports,Sony Computer Entertainment,0.25,0.12,1.48,0.03,1.88,,
83,Mortal Kombat: Deception,PS2,2004,Fighting,Midway Games,0.92,0.72,0,0.24,1.88,,
84,Yu-Gi-Oh! Forbidden Memories,PS,1999,Role-Playing,Konami Digital Entertainment,1.37,0.44,0,0.08,1.88,,
85,Ratchet & Clank Future: A Crack in Time,PS3,2009,Platform,Sony Computer Entertainment,1.05,0.54,0.03,0.26,1.88,,
86,Yokai Watch,3DS,2013,Role-Playing,Nintendo,0.21,0.3,1.33,0.04,1.89,,
87,Madden NFL 09,PS3,2008,Sports,Electronic Arts,1.56,0.15,0,0.18,1.89,,
88,Need for Speed Rivals,PS4,2013,Racing,Electronic Arts,0.73,0.91,0.03,0.22,1.89,,
89,Max Payne 3,PS3,2012,Shooter,Take-Two Interactive,0.59,0.92,0.06,0.32,1.9,,
90,Star Wars Rogue Leader: Rogue Squadron II,GC,2001,Simulation,LucasArts,1.03,0.75,0.03,0.09,1.9,,
91,LEGO Star Wars III: The Clone Wars,Wii,2011,Action,LucasArts,1.08,0.66,0,0.17,1.91,,
92,Destiny: The Taken King,PS4,2015,Shooter,Activision,0.77,0.78,0.04,0.31,1.91,,
93,Game Party 2,Wii,2008,Misc,Midway Games,1.3,0.44,0,0.17,1.91,,
94,Star Wars: The Force Unleashed,Wii,2008,Action,LucasArts,1.14,0.57,0,0.19,1.91,,
95,Mario Party 3,N64,2000,Misc,Nintendo,0.72,0.16,1.01,0.02,1.91,,
96,Toy Story Mania!,Wii,2009,Misc,Disney Interactive Studios,1.06,0.67,0,0.18,1.92,,
97,PaRappa The Rapper,PS,1996,Misc,Sony Computer Entertainment,0.26,0.16,1.46,0.03,1.92,,
98,MX Unleashed,PS2,2004,Racing,THQ,0.94,0.73,0,0.25,1.92,,
99,The Sims: Makin' Magic,PC,2003,Simulation,Electronic Arts,1.03,0.8,0,0.09,1.92,,
100,Red Faction,PS2,2001,Shooter,THQ,0.76,0.96,0,0.2,1.92,,
101,Monopoly,Wii,2008,Misc,Electronic Arts,0.87,0.85,0,0.2,1.92,,
102,Need for Speed: Shift,X360,2009,Racing,Electronic Arts,0.73,0.97,0.01,0.22,1.92,,
103,The Legend of Zelda: Oracle of Ages,GB,2001,Action,Nintendo,0.92,0.53,0.41,0.06,1.92,,
104,Tomb Raider (2013),X360,2013,Action,Square Enix,0.86,0.87,0.01,0.17,1.92,,
105,Mario Super Sluggers,Wii,2008,Sports,Nintendo,1.51,0,0.29,0.12,1.93,,
106,Watch Dogs,PS3,2014,Action,Ubisoft,0.56,0.89,0.1,0.37,1.93,,
107,Mortal Kombat vs. DC Universe,X360,2008,Fighting,Midway Games,1.53,0.24,0,0.16,1.93,,
108,Tetris DX,GB,1998,Puzzle,Nintendo,1.06,0.6,0.2,0.07,1.93,,
109,Virtua Fighter 2,SAT,1995,Fighting,Sega,0.34,0.26,1.3,0.03,1.93,,
110,Mortal Kombat II,SNES,1993,Fighting,Acclaim Entertainment,1.48,0.39,0,0.06,1.93,,
111,Batman: Arkham Origins,X360,2013,Action,Warner Bros. Interactive Entertainment,1.15,0.61,0,0.17,1.93,,
112,X-Men Legends,PS2,2004,Role-Playing,Activision,1,0.72,0,0.21,1.93,,
113,Jet Moto 2,PS,1997,Racing,Sony Computer Entertainment,1.41,0.42,0.03,0.07,1.94,,
114,Dragon Ball Z: Budokai 3,PS2,2004,Fighting,Atari,1.09,0.15,0.65,0.04,1.94,,
115,Scooby Doo and the Cyber Chase,PS,2001,Adventure,THQ,0.59,1.23,0,0.13,1.94,,
116,Alleyway,GB,1989,Puzzle,Nintendo,0.96,0.38,0.55,0.05,1.94,,
117,Who wants to be a millionaire,PC,1999,Misc,Disney Interactive Studios,1.94,0,0,0,1.94,,
118,FIFA Soccer 09,X360,2008,Sports,Electronic Arts,0.49,1.26,0.01,0.18,1.94,,
119,Def Jam Vendetta,PS2,2003,Fighting,Electronic Arts,0.95,0.74,0,0.25,1.94,,
120,NBA Street Vol. 2,PS2,2003,Sports,Electronic Arts,1.69,0.2,0,0.06,1.95,,
121,Star Wars: Dark Forces,PC,1994,Shooter,LucasArts,1.09,0.77,0,0.09,1.95,,
122,Grand Theft Auto: San Andreas,XB,2005,Action,Take-Two Interactive,1.26,0.61,0,0.09,1.95,,
123,Crash Nitro Kart,PS2,2003,Racing,Vivendi Games,0.74,1.01,0,0.2,1.95,,
124,Destiny,X360,2014,Shooter,Activision,1.3,0.49,0,0.16,1.95,,
125,Tom Clancy's Rainbow Six: Vegas,X360,2006,Shooter,Ubisoft,1.09,0.65,0.02,0.2,1.96,,
126,Kirby Squeak Squad,DS,2006,Platform,Nintendo,0.79,0.03,1.05,0.08,1.96,,
127,Soccer,NES,1985,Sports,Nintendo,0.18,0.23,1.53,0.02,1.96,,
128,Rad Racer,NES,1986,Racing,Nintendo,1.13,0.37,0.41,0.05,1.96,,
129,Hot Shots Golf: Open Tee,PSP,2004,Sports,Sony Computer Entertainment,0.5,0.5,0.63,0.33,1.96,,
130,E.T.: The Extra Terrestrial,JP,1981,Action,Atari,1.84,0.11,0,0.02,1.97,,
131,Burnout Paradise,PS3,2008,Racing,Electronic Arts,1.01,0.64,0.02,0.3,1.97,,
132,Devil May Cry 2,PS2,2003,Action,Capcom,0.71,0.58,0.51,0.17,1.97,,
133,Call of Duty: World at War,Wii,2008,Shooter,Activision,1.2,0.59,0,0.19,1.97,,
134,Spyro: Enter the Dragonfly,PS2,2002,Platform,Universal Interactive,0.74,0.95,0,0.28,1.97,,
135,Sonic Classic Collection,DS,2010,Platform,Sega,0.99,0.8,0,0.18,1.97,,
136,Dragon Age: Inquisition,PS4,2014,Role-Playing,Electronic Arts,0.72,0.86,0.08,0.32,1.97,,
137,Resident Evil 6,X360,2012,Shooter,Capcom,1.11,0.63,0.07,0.16,1.98,,
138,Battlefield 4,XOne,2013,Shooter,Electronic Arts,1.25,0.58,0,0.16,1.98,,
139,Harry Potter and the Chamber of Secrets,PS,2002,Action,Electronic Arts,0.75,1.09,0.02,0.12,1.98,,
140,SimCity,SNES,1991,Simulation,Nintendo,0.93,0.27,0.75,0.04,1.98,,
141,Tennis,GB,1989,Sports,Nintendo,0.75,0.3,0.9,0.04,1.99,,
142,Tenchu: Stealth Assassins,PS,1997,Action,Activision,0.95,0.64,0.27,0.13,1.99,,
143,Super Street Fighter II,SNES,1993,Fighting,Nintendo,0.52,0.16,1.29,0.03,2,,
144,DriveClub,PS4,2014,Racing,Sony Computer Entertainment,0.35,1.31,0.02,0.33,2,,
145,Fire Emblem: Awakening,3DS,2012,Role-Playing,Nintendo,0.89,0.45,0.53,0.13,2,,
146,LEGO Marvel Super Heroes,PS3,2013,Action,Warner Bros. Interactive Entertainment,0.77,0.85,0.01,0.37,2,,
147,Tom Clancy's The Division,XOne,2016,Shooter,Ubisoft,1.2,0.62,0,0.18,2.01,,
148,TouchMaster,DS,2007,Puzzle,Midway Games,0.49,1.27,0,0.25,2.01,,
149,Forza Horizon,X360,2012,Racing,Microsoft Game Studios,0.82,0.98,0.04,0.18,2.02,,
150,Madden NFL 15,X360,2014,Sports,Electronic Arts,1.76,0.09,0,0.17,2.02,,
151,Call of Duty 2,X360,2005,Shooter,Activision,1.81,0.05,0.01,0.15,2.02,,
152,Dead Space,PS3,2008,Action,Electronic Arts,1.05,0.67,0,0.3,2.02,,
153,NBA Live 2004,PS2,2003,Sports,Electronic Arts,1.57,0.18,0,0.27,2.03,,
154,Just Dance 3,X360,2011,Misc,Ubisoft,1.47,0.4,0,0.16,2.03,,
155,1080Â°: TenEighty Snowboarding,N64,1998,Sports,Nintendo,1.25,0.61,0.13,0.05,2.03,,
156,Need for Speed: The Run,PS3,2011,Action,Electronic Arts,0.58,1.06,0.03,0.37,2.04,,
157,Donkey Kong Country,GBA,2003,Platform,Nintendo,1.2,0.48,0.29,0.07,2.04,,
158,Peter Jackson's King Kong,PS2,2005,Action,Ubisoft,0.71,1.02,0,0.31,2.04,,
159,SOCOM: U.S. Navy SEALs: Combined Assault,PS2,2006,Shooter,Sony Computer Entertainment,1.74,0.02,0,0.28,2.04,,
160,Rayman Raving Rabbids: TV Party,Wii,2008,Misc,Ubisoft,0.73,1.09,0,0.23,2.04,,
161,Dance Central 2,X360,2011,Misc,Microsoft Game Studios,1.45,0.42,0.01,0.16,2.04,,
162,Kingdom Hearts 358/2 Days,DS,2009,Role-Playing,Square Enix,1.11,0.27,0.53,0.14,2.04,,
163,PGR4 - Project Gotham Racing 4,X360,2007,Racing,Microsoft Game Studios,0.48,1.29,0.02,0.25,2.05,,
164,NBA Jam,GEN,1992,Sports,Arena Entertainment,1.75,0.25,0,0.05,2.05,,
165,Diablo III,PS3,2013,Role-Playing,Activision,0.71,0.83,0.15,0.35,2.05,,
166,Sonic Mega Collection,GC,2002,Misc,Infogrames,1.47,0.48,0.05,0.06,2.05,,
167,PokÃ©mon Mystery Dungeon: Blue Rescue Team,DS,2005,Role-Playing,Nintendo,1.16,0.06,0.83,0,2.05,,
168,NBA 2K14,PS3,2013,Sports,Take-Two Interactive,1.43,0.33,0.04,0.25,2.05,,
169,Carnival Games,DS,2008,Misc,Take-Two Interactive,1.23,0.64,0,0.19,2.05,,
170,Need for Speed: ProStreet,PS3,2007,Racing,Electronic Arts,0.73,0.92,0.04,0.37,2.05,,
171,Mario & Luigi: Dream Team,3DS,2013,Role-Playing,Nintendo,0.89,0.57,0.46,0.13,2.06,,
172,SoulCalibur II,PS2,2003,Fighting,Namco Bandai Games,1.06,0.62,0.13,0.25,2.06,,
173,R4: Ridge Racer Type 4,PS,1998,Racing,Namco Bandai Games,0.68,0.46,0.79,0.13,2.06,,
174,The Incredibles,GBA,2004,Action,THQ,1.15,0.77,0.04,0.1,2.06,,
175,Pokemon Mystery Dungeon: Red/Blue Rescue Team,GBA,2005,Role-Playing,Nintendo,0.71,0.52,0.74,0.08,2.06,,
176,Tom Clancy's Splinter Cell: Conviction,X360,2010,Action,Ubisoft,1.2,0.63,0.04,0.19,2.06,,
177,The Sims 3,PS3,2010,Simulation,Electronic Arts,0.73,0.97,0.02,0.34,2.06,,
178,Yu-Gi-Oh! The Eternal Duelist Soul,GBA,2001,Strategy,Konami Digital Entertainment,1.64,0.36,0,0.07,2.07,,
179,Dark Souls,PS3,2011,Role-Playing,Namco Bandai Games,0.75,0.54,0.54,0.23,2.07,,
180,Kingdom Hearts: Birth by Sleep,PSP,2010,Role-Playing,Square Enix,0.63,0.42,0.75,0.26,2.07,,
181,Spec Ops: Airborne Commando,PS,2002,Shooter,Take-Two Interactive,1.54,0.46,0,0.08,2.07,,
182,Skate 3,PS3,2010,Sports,Electronic Arts,0.79,0.94,0,0.35,2.08,,
183,Warcraft: Orcs & Humans,PC,1994,Strategy,Activision,0.89,1.08,0,0.11,2.08,,
184,Sim Theme Park,PC,1998,Strategy,Electronic Arts,2.04,0.04,0,0,2.08,,
185,Ghostbusters: The Video Game (DS Version),PS3,2010,Action,Take-Two Interactive,0.59,0.99,0.13,0.36,2.08,,
186,Mario Party 5,GC,2003,Misc,Nintendo,0.97,0.33,0.73,0.06,2.08,,
187,Dance Dance Revolution: Hottest Party,Wii,2007,Simulation,Konami Digital Entertainment,1.36,0.52,0,0.2,2.08,,
188,Need For Speed: Undercover,PS3,2008,Racing,Electronic Arts,0.63,1.02,0.05,0.39,2.08,,
189,Tetris Worlds,PS2,2002,Puzzle,THQ,1.11,0.71,0,0.27,2.08,,
190,World of Warcraft: Cataclysm,PC,2010,Role-Playing,Activision,1.77,0.32,0,0,2.08,,
191,Metal Gear Solid: Peace Walker,PSP,2010,Action,Konami Digital Entertainment,0.46,0.42,0.96,0.25,2.09,,
192,The Sims 2: Pets,DS,2006,Simulation,Electronic Arts,0.92,0.94,0,0.22,2.09,,
193,Battlefield: Hardline,PS4,2015,Shooter,Electronic Arts,0.7,0.93,0.14,0.32,2.09,,
194,Wipeout: The Game,Wii,2009,Misc,Mindscape,1.97,0,0,0.12,2.09,,
195,Finding Nemo,PS2,2003,Action,THQ,1.26,0.6,0.05,0.18,2.09,,
196,Dead Rising,X360,2006,Action,Capcom,1.16,0.65,0.08,0.2,2.09,,
197,Derby Stallion,PS,1997,Sports,ASCII Entertainment,0,0,1.96,0.14,2.09,,
198,Devil May Cry 3: Dante's Awakening,PS2,2005,Action,Capcom,0.99,0.63,0.29,0.19,2.09,,
199,Portal 2,X360,2011,Shooter,Valve Software,1.41,0.51,0.01,0.17,2.1,,
200,Need for Speed: Most Wanted 5-1-0,PSP,2005,Racing,Electronic Arts,1.77,0.13,0.02,0.18,2.1,,
201,Project Gotham Racing (JP weekly sales),XB,2002,Action,Microsoft Game Studios,1.54,0.44,0.04,0.07,2.1,,
202,Scooby-Doo! Night of 100 Frights,PS2,2002,Platform,THQ,1.17,0.72,0,0.22,2.1,,
203,Parasite Eve,PS,1998,Role-Playing,SquareSoft,0.94,0.07,1.05,0.04,2.1,,
204,Mortal Kombat,X360,2011,Fighting,Warner Bros. Interactive Entertainment,1.63,0.33,0,0.15,2.11,,
205,Dynasty Warriors 4,PS2,2003,Action,Tecmo Koei,0.63,0.21,1.13,0.13,2.11,,
206,Rock Band,Wii,2001,Misc,MTV Games,1.35,0.56,0,0.2,2.11,,
207,Mario Sports Mix,Wii,2010,Sports,Nintendo,0.9,0.45,0.63,0.13,2.11,,
208,Need for Speed: Hot Pursuit 2,PS2,2002,Racing,Electronic Arts,1.68,0.31,0.02,0.09,2.11,,
209,PES 2009: Pro Evolution Soccer,PS3,2008,Sports,Konami Digital Entertainment,0.11,1.34,0.4,0.26,2.11,,
210,Tony Hawk's Pro Skater,N64,2000,Sports,Activision,1.68,0.4,0,0.03,2.11,,
211,Borderlands,PS3,2009,Shooter,Take-Two Interactive,1.2,0.62,0,0.29,2.11,,
212,NBA 2K12,PS3,2011,Sports,Take-Two Interactive,1.61,0.27,0.05,0.18,2.11,,
213,Golf,GB,1989,Sports,Nintendo,0.83,0.33,0.92,0.04,2.12,,
214,Project Gotham Racing,XB,2001,Racing,Microsoft Game Studios,1.37,0.61,0.05,0.09,2.12,,
215,Kirby's Epic Yarn,Wii,2010,Platform,Nintendo,1.47,0.09,0.45,0.11,2.12,,
216,Final Fantasy III,DS,2006,Role-Playing,Square Enix,0.91,0.05,1.07,0.09,2.12,,
217,Toy Story 3: The Video Game,DS,2010,Action,Disney Interactive Studios,0.93,0.97,0.02,0.21,2.12,,
218,Far Cry: Primal,PS4,2016,Action,Ubisoft,0.59,1.16,0.06,0.33,2.13,,
219,Final Fantasy Tactics Advance,GBA,2003,Role-Playing,SquareSoft,0.82,0.37,0.89,0.05,2.13,,
220,Tetris DS,DS,2006,Puzzle,Nintendo,0.64,0.07,1.35,0.08,2.13,,
221,Dance Dance Revolution Extreme,PS2,2004,Simulation,Konami Digital Entertainment,1.04,0.81,0,0.27,2.13,,
222,Demon Attack,JP,1981,Shooter,Imagic,1.99,0.12,0,0.02,2.13,,
223,Super Mario RPG: Legend of the Seven Stars,SNES,1996,Role-Playing,Nintendo,0.66,0,1.45,0.03,2.14,,
224,SimCity 2000,PC,1992,Simulation,Maxis,1.2,0.84,0,0.1,2.14,,
225,R.C. Pro-Am,NES,1988,Racing,Nintendo,1.47,0.38,0.19,0.1,2.14,,
226,Mahjong,NES,1983,Misc,Nintendo,0.01,0,2.13,0,2.14,,
227,Call of Duty: Roads to Victory,PSP,2007,Shooter,Activision,0.52,1.03,0,0.59,2.14,,
228,FIFA 15,XOne,2014,Sports,Electronic Arts,0.6,1.41,0,0.14,2.15,,
229,Volleyball,NES,1987,Sports,Nintendo,0.14,0.03,1.98,0,2.15,,
230,Tom Clancy's Rainbow Six: Siege,PS4,2015,Shooter,Ubisoft,0.54,1.16,0.13,0.32,2.15,,
231,Syphon Filter 2,PS,2000,Shooter,Sony Computer Entertainment,1.5,0.55,0.02,0.08,2.15,,
232,Your Shape featuring Jenny McCarthy,Wii,2009,Sports,Ubisoft,1.51,0.47,0,0.18,2.16,,
233,The Sims: House Party,PC,2001,Simulation,Electronic Arts,1.23,0.83,0,0.1,2.16,,
234,Star Wars: Rogue Squadron,N64,1998,Simulation,Nintendo,1.6,0.46,0.08,0.03,2.17,,
235,Final Fantasy XIII,X360,2010,Role-Playing,Square Enix,1.27,0.68,0.01,0.2,2.17,,
236,Mario & Luigi: Superstar Saga,GBA,2003,Role-Playing,Nintendo,1.48,0.17,0.47,0.06,2.17,,
237,Pokemon Ranger,DS,2006,Role-Playing,Nintendo,1.29,0.04,0.73,0.12,2.18,,
238,Forza Motorsport 5,XOne,2013,Racing,Microsoft Game Studios,1.21,0.78,0.01,0.17,2.18,,
239,ATV Offroad Fury 2,PS2,2002,Racing,THQ,1.92,0.2,0,0.06,2.18,,
240,Yu-Gi-Oh: Duel Monsters 4,GB,2000,Role-Playing,Konami Digital Entertainment,0,0,2.17,0.01,2.18,,
241,Kirby's Pinball Land,GB,1992,Misc,Nintendo,0.87,0.17,1.1,0.05,2.19,,
242,Star Wars: Knights of the Old Republic,XB,2003,Role-Playing,Activision,1.68,0.44,0,0.08,2.19,,
243,Saints Row,X360,2006,Action,THQ,1.17,0.78,0.02,0.22,2.19,,
244,Pro Evolution Soccer 2012,PS3,2011,Action,Konami Digital Entertainment,0.34,0.97,0.55,0.33,2.19,,
245,High School Musical: Makin' the Cut!,DS,2007,Puzzle,Disney Interactive Studios,1.06,0.91,0,0.23,2.2,,
246,Sonic Unleashed,Wii,2008,Platform,Sega,1.28,0.68,0.02,0.21,2.2,,
247,Wario Land 3,GB,2000,Platform,Nintendo,1.11,0.51,0.34,0.23,2.2,,
248,Pro Yakyuu Family Stadium,NES,1986,Sports,Namco Bandai Games,0.15,0,2.05,0,2.2,,
249,Guitar Hero II,X360,2007,Misc,Activision,2.01,0.02,0,0.17,2.2,,
250,Frogger,JP,1981,Action,Parker Bros.,2.06,0.12,0,0.02,2.2,,
251,Rock Band 2,X360,2008,Misc,Electronic Arts,1.78,0.24,0,0.18,2.2,,
252,Devil May Cry 3: Dante's Awakening Special Edition,PS2,2006,Action,Capcom,1.06,0.82,0.05,0.28,2.21,,
253,Assassin's Creed IV: Black Flag,XOne,2013,Action,Ubisoft,1.47,0.55,0,0.19,2.21,,
254,BioShock 2,X360,2010,Shooter,Take-Two Interactive,1.45,0.55,0.02,0.19,2.21,,
255,Need for Speed: Hot Pursuit,X360,2010,Racing,Electronic Arts,1.03,0.98,0,0.21,2.22,,
256,The Legend of Zelda: Link's Awakening DX,GB,1998,Adventure,Nintendo,1,0.63,0.45,0.13,2.22,,
257,Scribblenauts,DS,2009,Puzzle,Warner Bros. Interactive Entertainment,1.71,0.32,0.02,0.18,2.22,,
258,Prince of Persia: The Sands of Time,PS2,2003,Action,Ubisoft,0.88,1.03,0,0.31,2.22,,
259,New Super Luigi U,WiiU,2013,Platform,Nintendo,1.27,0.62,0.18,0.16,2.22,,
260,Dance Dance Revolution X2,PS2,2009,Simulation,Konami Digital Entertainment,1.09,0.85,0,0.28,2.23,,
261,LEGO Indiana Jones: The Original Adventures,DS,2008,Action,Activision,1.42,0.61,0,0.21,2.23,,
262,Teenage Mutant Ninja Turtles II: The Arcade Game,NES,1990,Action,Konami Digital Entertainment,1.74,0.25,0.21,0.03,2.23,,
263,Spyro: Season of Ice,GBA,2001,Platform,Vivendi Games,1.29,0.83,0,0.11,2.23,,
264,Sonic Advance,GBA,2001,Platform,Sega,1.19,0.71,0.22,0.13,2.24,,
265,Dissidia: Final Fantasy,PSP,2008,Fighting,Square Enix,0.51,0.51,0.91,0.32,2.25,,
266,Monster Hunter Tri,Wii,2009,Role-Playing,Nintendo,0.67,0.41,1.05,0.11,2.25,,
267,Madden NFL 12,PS3,2011,Sports,Electronic Arts,1.93,0.15,0,0.17,2.25,,
268,Paper Mario: The Thousand-Year Door,GC,2004,Role-Playing,Nintendo,1.48,0.25,0.46,0.06,2.25,,
269,Cool Boarders 2,PS,1997,Sports,UEP Systems,1.52,0.46,0.2,0.08,2.25,,
270,Onimusha 2: Samurai's Destiny,PS2,2002,Adventure,Capcom,0.62,0.44,1.06,0.13,2.25,,
271,Minecraft,PSV,2014,Misc,Sony Computer Entertainment Europe,0.28,0.79,0.87,0.32,2.25,,
272,Resident Evil 4,Wii,2007,Action,Capcom,1.34,0.57,0.14,0.21,2.26,,
273,Call of Duty 3,Wii,2001,Shooter,Activision,1.19,0.84,0,0.23,2.26,,
274,Guitar Hero III: Legends of Rock,PS3,2007,Misc,Activision,1.4,0.54,0.02,0.3,2.26,,
275,Wario Land 4,GBA,2001,Platform,Nintendo,0.9,0.73,0.54,0.09,2.26,,
276,Kirby: Nightmare in Dream Land,GBA,2002,Platform,Nintendo,1.22,0.1,0.91,0.04,2.27,,
277,Super Monkey Ball: Banana Blitz,Wii,2006,Misc,Sega,1.07,0.92,0.04,0.24,2.27,,
278,Sonic's Ultimate Genesis Collection,PS3,2009,Misc,Sega,1.34,0.62,0,0.31,2.27,,
279,Paper Mario: Sticker Star,3DS,2012,Role-Playing,Nintendo,1.12,0.39,0.64,0.12,2.27,,
280,TOCA Touring Car Championship,PS,1997,Racing,Codemasters,0.07,2,0.02,0.18,2.28,,
281,Borderlands 2,PS3,2012,Shooter,Take-Two Interactive,1.05,0.77,0.1,0.36,2.28,,
282,Mario Bros.,NES,1983,Platform,Nintendo,0.51,0.12,1.63,0.02,2.28,,
283,Yokai Watch Busters,3DS,2015,Action,Level 5,0,0,2.28,0,2.28,,
284,Just Dance 2015,Wii,2014,Misc,Ubisoft,1.11,0.98,0,0.2,2.28,,
285,Pro Evolution Soccer 2010,PS3,2009,Sports,Konami Digital Entertainment,0.3,1.27,0.46,0.26,2.28,,
286,Need for Speed Underground 2,XB,2004,Racing,Electronic Arts,1.38,0.8,0,0.1,2.28,,
287,God of War: Ascension,PS3,2013,Action,Sony Computer Entertainment,1.23,0.68,0.04,0.34,2.29,,
288,Tomb Raider II,PC,1997,Action,Eidos Interactive,0.91,1.25,0,0.13,2.29,,
289,Dead Island,PS3,2011,Action,Deep Silver,1.08,0.75,0.15,0.31,2.29,,
290,Pokemon Ranger: Shadows of Almia,DS,2008,Role-Playing,Nintendo,0.95,0.54,0.62,0.18,2.3,,
291,Guild Wars 2,PC,2012,Action,NCSoft,0.95,1.06,0,0.29,2.3,,
292,Cool Boarders 3,PS,1998,Sports,989 Studios,1.65,0.46,0.1,0.1,2.31,,
293,Chrono Trigger,SNES,1995,Role-Playing,SquareSoft,0.28,0,2.02,0.01,2.31,,
294,Need For Speed: High Stakes,PS,1999,Racing,Electronic Arts,1.58,0.64,0,0.09,2.31,,
295,WarioWare Touched!,DS,2004,Puzzle,Nintendo,0.52,0.45,1.21,0.13,2.31,,
296,James Bond 007: Everything or Nothing,PS2,2004,Shooter,Electronic Arts,0.85,1.06,0.09,0.32,2.31,,
297,Grand Theft Auto,PS,1997,Action,Take-Two Interactive,0.79,1.35,0.04,0.14,2.32,,
298,Mario Tennis,N64,2000,Sports,Nintendo,0.78,0.4,1.06,0.07,2.32,,
299,Just Dance Kids,Wii,2010,Misc,Ubisoft,1.57,0.56,0,0.19,2.32,,
300,NBA 2K16,XOne,2015,Sports,Take-Two Interactive,1.93,0.14,0,0.24,2.32,,
301,The Legend of Zelda: Majora's Mask 3D,3DS,2015,Action,Nintendo,1.14,0.54,0.47,0.17,2.32,,
302,Resident Evil - Code: Veronica X,PS2,2001,Action,Capcom,1.08,0.7,0.34,0.21,2.34,,
303,My Fitness Coach,Wii,2008,Sports,Ubisoft,1.2,0.9,0,0.24,2.34,,
304,WWE SmackDown vs Raw 2008,PS2,2007,Fighting,THQ,0.92,0,0.01,1.41,2.34,,
305,Skylanders SWAP Force,Wii,2013,Platform,Activision,1.32,0.83,0,0.2,2.34,,
306,Midnight Club: Los Angeles,X360,2008,Racing,Take-Two Interactive,1.68,0.46,0.01,0.2,2.35,,
307,Dragon Warrior Monsters,GB,1998,Role-Playing,Eidos Interactive,0,0,2.34,0.01,2.35,,
308,Donkey Kong Land II,GB,1996,Platform,Nintendo,1.39,0.48,0.4,0.08,2.35,,
309,LEGO Harry Potter: Years 1-4,DS,2010,Action,Warner Bros. Interactive Entertainment,1.07,1.05,0,0.23,2.35,,
310,Kirby's Dream Land 2,GB,1995,Platform,Nintendo,0.69,0.14,1.48,0.05,2.36,,
311,Kinect Sports: Season Two,X360,2011,Sports,Microsoft Game Studios,1.38,0.74,0.02,0.22,2.36,,
312,Madden NFL 10,PS3,2009,Sports,Electronic Arts,2.03,0.13,0,0.21,2.37,,
313,Tony Hawk's Underground 2,PS2,2004,Sports,Activision,1.25,0.86,0.01,0.26,2.37,,
314,Half-Life 2,PC,2004,Shooter,Vivendi Games,2.28,0.02,0.08,0,2.37,,
315,Madden NFL 08,X360,2007,Sports,Electronic Arts,2.18,0.01,0,0.18,2.37,,
316,Yu-Gi-Oh! The Duelists of the Roses,PS2,2001,Misc,Konami Digital Entertainment,1.16,0.91,0,0.3,2.38,,
317,Madden NFL 11,PS3,2010,Sports,Electronic Arts,2.04,0.15,0,0.19,2.38,,
318,NBA 2K15,PS4,2014,Sports,Take-Two Interactive,1.46,0.54,0.01,0.37,2.38,,
319,Bloodborne,PS4,2015,Action,Sony Computer Entertainment,1,0.76,0.26,0.36,2.38,,
320,WCW/nWo Revenge,N64,1998,Fighting,THQ,1.94,0.39,0.03,0.02,2.38,,
321,Kinect: Disneyland Adventures,X360,2011,Misc,Microsoft Game Studios,1.73,0.46,0.02,0.18,2.38,,
322,LEGO Star Wars: The Complete Saga,PS3,2007,Action,LucasArts,1.02,0.97,0,0.39,2.38,,
323,Guitar Hero,PS2,2005,Misc,RedOctane,1.67,0.61,0.03,0.07,2.38,,
324,Zumba Fitness,X360,2010,Sports,505 Games,1.74,0.48,0,0.18,2.39,,
325,Need for Speed (2015),PS4,2015,Racing,Electronic Arts,0.49,1.49,0.05,0.36,2.39,,
326,Frogger's Adventures: Temple of the Frog,GBA,2001,Adventure,Konami Digital Entertainment,2.15,0.18,0,0.07,2.39,,
327,Theme Hospital,PC,1997,Strategy,Electronic Arts,2.3,0.1,0,0,2.4,,
328,Pro Wrestling,NES,1987,Fighting,Nintendo,0.77,0.18,1.42,0.03,2.4,,
329,Tetris Plus,PS,1996,Puzzle,JVC,2.1,0.24,0,0.07,2.4,,
330,Madden NFL 16,XOne,2015,Sports,Electronic Arts,2.07,0.08,0,0.26,2.4,,
331,Dino Crisis,PS,1998,Action,Capcom,0.81,0.76,0.7,0.14,2.41,,
332,ATV Offroad Fury,PS2,2001,Racing,Sony Computer Entertainment,2.07,0.26,0,0.08,2.41,,
333,Dragon Ball Z: Budokai 2,PS2,2003,Fighting,Atari,1.63,0.22,0.51,0.06,2.41,,
334,pro evolution soccer 2011,PS3,2010,Sports,Konami Digital Entertainment,0.29,1.18,0.54,0.41,2.42,,
335,Ice Hockey,NES,1988,Sports,Nintendo,1.27,0.32,0.78,0.05,2.42,,
336,Sonic Adventure,DC,1998,Platform,Sega,1.26,0.61,0.46,0.08,2.42,,
337,Tom Clancy's Rainbow Six: Vegas 2,X360,2008,Shooter,Ubisoft,1.56,0.61,0.02,0.23,2.42,,
338,Riven: The Sequel to Myst,PC,1997,Adventure,Red Orb,1.52,0.82,0,0.1,2.43,,
339,The Sims: Bustin' Out,PS2,2003,Simulation,Electronic Arts,1.07,1.19,0,0.18,2.43,,
340,Need for Speed Carbon: Own the City,PSP,2006,Racing,Electronic Arts,0.87,0.98,0,0.59,2.44,,
341,Halo: Combat Evolved Anniversary,X360,2011,Shooter,Microsoft Game Studios,1.44,0.73,0.04,0.22,2.44,,
342,Twisted Metal 2,PS,1996,Racing,Sony Computer Entertainment,2.12,0.25,0,0.07,2.44,,
343,Final Fantasy Tactics,PS,1997,Role-Playing,SquareSoft,0.93,0.12,1.34,0.06,2.45,,
344,Final Fantasy V,SNES,1992,Role-Playing,SquareSoft,0,0,2.43,0.02,2.45,,
345,uDraw Studio,Wii,2010,Misc,THQ,1.67,0.58,0,0.2,2.46,,
346,Mario Party 4,GC,2002,Misc,Nintendo,1.13,0.36,0.92,0.07,2.47,,
347,NBA 2K13,PS3,2012,Sports,Take-Two Interactive,1.72,0.44,0.05,0.27,2.48,,
348,Tomb Raider: The Last Revelation,PS,1998,Action,Eidos Interactive,1.15,1.14,0.06,0.13,2.48,,
349,Pure,X360,2008,Racing,Disney Interactive Studios,1.38,0.85,0,0.25,2.48,,
350,Resistance 2,PS3,2008,Shooter,Sony Computer Entertainment,1.15,0.85,0.1,0.39,2.48,,
351,Mortal Kombat: Deadly Alliance,PS2,2002,Fighting,Midway Games,1.81,0.52,0,0.15,2.49,,
352,Grand Theft Auto III & Grand Theft Auto Vice City,XB,2003,Action,Take-Two Interactive,1.84,0.56,0,0.09,2.49,,
353,Saints Row: The Third,PS3,2011,Action,THQ,0.86,1.06,0.18,0.39,2.49,,
354,Mario Party 2,N64,1999,Misc,Nintendo,1.28,0.14,1.08,0.01,2.5,,
355,Marvel: Ultimate Alliance,X360,2006,Role-Playing,Activision,2.29,0.02,0,0.19,2.5,,
356,Dragon Warrior,NES,1986,Role-Playing,Capcom,0.49,0,0.52,1.51,2.52,,
357,Game Party,Wii,2007,Misc,Midway Games,1.5,0.78,0,0.24,2.52,,
358,Perfect Dark,N64,2000,Action,Nintendo,1.55,0.75,0.16,0.06,2.52,,
359,Space Invaders,JP,2001,Shooter,Atari,2.36,0.14,0,0.03,2.53,,
360,Deca Sports,Wii,2008,Sports,Konami Digital Entertainment,1.13,0.87,0.29,0.25,2.54,,
361,PokÃ©mon Colosseum,GC,2003,Role-Playing,Nintendo,1.21,0.57,0.7,0.07,2.54,,
362,Madden NFL 13,PS3,2012,Sports,Electronic Arts,2.11,0.23,0,0.22,2.56,,
363,Dragon Warrior II,NES,1987,Role-Playing,Enix Corporation,0.15,0,2.41,0,2.56,,
364,Sonic Adventure 2 Battle,GC,2001,Platform,Sega,1.7,0.59,0.21,0.07,2.56,,
365,Art Academy,DS,2010,Misc,Nintendo,0.28,1.68,0.33,0.28,2.57,,
366,Dragon Age: Origins,X360,2009,Role-Playing,Electronic Arts,1.76,0.56,0.03,0.22,2.57,,
367,Ratchet & Clank: Up Your Arsenal,PS2,2004,Platform,Sony Computer Entertainment,1.31,0.74,0.31,0.22,2.57,,
368,WWE SmackDown vs. RAW 2007,PS2,2006,Fighting,THQ,1.4,0.88,0.03,0.26,2.58,,
369,Monster Hunter Freedom 2,PSP,2007,Role-Playing,Capcom,0.37,0.27,1.75,0.18,2.58,,
370,Killzone: Shadow Fall,PS4,2013,Shooter,Sony Computer Entertainment,0.89,1.33,0.07,0.28,2.58,,
371,LittleBigPlanet,PSP,2009,Platform,Sony Computer Entertainment,0.64,1.24,0.01,0.69,2.58,,
372,NBA Live 2005,PS2,2004,Sports,Electronic Arts,2.03,0.21,0,0.35,2.59,,
373,Ratchet & Clank Future: Tools of Destruction,PS3,2007,Platform,Sony Computer Entertainment,0.93,1.12,0.08,0.45,2.59,,
374,Streets of Rage,GEN,1990,Action,Sega,1.86,0.55,0.11,0.08,2.6,,
375,Super Mario All-Stars: Limited Edition,Wii,2010,Platform,Nintendo,1.02,0.52,0.92,0.14,2.6,,
376,Style Savvy,DS,2008,Simulation,Nintendo,0.63,0.84,0.96,0.19,2.61,,
377,FIFA Soccer 10,X360,2009,Sports,Electronic Arts,0.59,1.79,0.01,0.23,2.62,,
378,Medal of Honor,X360,2010,Shooter,Electronic Arts,1.55,0.81,0.04,0.21,2.62,,
379,Mario Strikers Charged,Wii,2007,Sports,Nintendo,1.07,1.06,0.24,0.25,2.62,,
380,ESPN NFL 2K5,PS2,2004,Sports,Sega,2.15,0.12,0,0.36,2.62,,
381,God of War Collection,PS3,2009,Action,Sony Computer Entertainment,1.7,0.46,0.06,0.41,2.63,,
382,Halo Wars,X360,2009,Strategy,Microsoft Game Studios,1.53,0.82,0.04,0.24,2.63,,
383,Pac-Man: Adventures in Time,PSP,2006,Fighting,Sony Computer Entertainment,0.76,1.1,0.12,0.65,2.63,,
384,Midnight Club: Street Racing,PS2,2000,Racing,Take-Two Interactive,2,0.47,0.02,0.14,2.63,,
385,Star Wars: Shadows of the Empire,N64,1996,Action,Nintendo,2,0.5,0.12,0.03,2.65,,
386,Super Mario Bros.: The Lost Levels,NES,1986,Platform,Nintendo,0,0,2.65,0,2.65,games/image/Mario.jpg,games/text/Mario.txt
387,Medal of Honor Heroes,PSP,2006,Shooter,Electronic Arts,0.86,1.11,0.01,0.66,2.65,,
388,Skylanders Giants,Wii,2012,Action,Activision,1.56,0.88,0,0.22,2.65,,
389,Tom Clancy's Splinter Cell,PS2,2003,Action,Ubisoft,1.15,1.11,0,0.4,2.65,,
390,Hannah Montana,DS,2006,Action,Disney Interactive Studios,1.59,0.8,0,0.26,2.65,,
391,Fable,XB,2004,Role-Playing,Microsoft Game Studios,1.99,0.58,0,0.09,2.66,,
392,Call Of Duty 2: Big Red One,PS2,2005,Shooter,Activision,1.48,0.92,0.01,0.26,2.67,,
393,Final Fantasy XIII-2,PS3,2011,Role-Playing,Square Enix,0.78,0.75,0.89,0.26,2.68,,
394,Yokai Watch 2 Shinuchi,3DS,2014,Role-Playing,Level 5,0,0,2.68,0,2.68,,
395,Burnout 3: Takedown,PS2,2004,Racing,Electronic Arts,1.23,1.11,0,0.34,2.68,,
396,Mario vs. Donkey Kong: Mini-Land Mayhem!,DS,2010,Puzzle,Nintendo,1.63,0.52,0.35,0.18,2.69,,
397,LEGO Star Wars II: The Original Trilogy,PS2,2006,Action,LucasArts,1.85,0.64,0.01,0.19,2.69,,
398,Mario Party,N64,1998,Misc,Nintendo,1.25,0.53,0.87,0.05,2.7,,
399,Mortal Kombat X,PS4,2015,Fighting,Warner Bros. Interactive Entertainment,1.47,0.76,0,0.47,2.7,,
400,Onimusha: Warlords,PS2,2001,Action,Virgin Interactive,0.99,0.48,1.09,0.14,2.7,,
401,The Legend of Zelda: A Link to the Past,GBA,2002,Action,Nintendo,1.75,0.52,0.33,0.1,2.7,,
402,L.A. Noire,X360,2011,Adventure,Take-Two Interactive,1.52,0.94,0.02,0.24,2.72,,
403,Metroid,NES,1986,Action,Nintendo,1.33,0.31,1.04,0.05,2.73,,
404,PokÃ©mon Stadium 2,N64,2000,Strategy,Nintendo,1.02,0.36,1.13,0.23,2.73,,
405,Mario Paint,SNES,1992,Misc,Nintendo,1.43,0.54,0.71,0.07,2.75,,
406,Missile Command,JP,1980,Shooter,Atari,2.56,0.17,0,0.03,2.76,,
407,Sonic and the Secret Rings,Wii,2007,Platform,Sega,1.24,1.2,0.04,0.3,2.77,,
408,The Sims,PS2,2003,Simulation,Electronic Arts,1.41,1.12,0,0.24,2.77,,
409,Tekken 6,PS3,2009,Fighting,Namco Bandai Games,1.2,0.98,0.17,0.43,2.78,,
410,Ratchet & Clank: Going Commando,PS2,2003,Platform,Sony Computer Entertainment,1.44,0.83,0.26,0.25,2.78,,
411,inFAMOUS: Second Son,PS4,2014,Action,Sony Computer Entertainment,1.27,0.97,0.07,0.47,2.78,,
412,Jak II,PS2,2003,Platform,Sony Computer Entertainment,1.68,0.74,0,0.36,2.78,,
413,Professor Layton and the Last Specter,DS,2009,Puzzle,Nintendo,0.3,1.47,0.68,0.34,2.79,,
414,NBA Street,PS2,2001,Sports,Electronic Arts,2.19,0.22,0,0.38,2.79,,
415,Battlefield 3,PC,2011,Shooter,Electronic Arts,0.89,1.43,0,0.48,2.79,,
416,Mortal Kombat Trilogy,PS,1996,Fighting,GT Interactive,1.98,0.7,0,0.11,2.79,,
417,Dragon Quest V: Tenkuu no Hanayome,SNES,1992,Role-Playing,Enix Corporation,0,0,2.78,0.01,2.79,,
418,WWF SmackDown! Just Bring It,PS2,2001,Fighting,THQ,1.19,1.15,0.04,0.41,2.79,,
419,A Bug's Life,PS,1998,Platform,Sony Computer Entertainment,1.96,0.72,0,0.11,2.79,,
420,Killzone 3,PS3,2011,Shooter,Sony Computer Entertainment,1.45,0.88,0.09,0.38,2.79,,
421,Hot Shots Golf,PS,1997,Sports,Sony Computer Entertainment,0.29,0.2,2.13,0.18,2.79,,
422,Yoshi's Island DS,DS,2006,Platform,Nintendo,1.47,0.07,1.1,0.15,2.8,,
423,WWE SmackDown! Here Comes the Pain,PS2,2003,Fighting,THQ,1.32,1.06,0.04,0.38,2.8,,
424,Imagine: Fashion Designer,DS,2007,Simulation,Ubisoft,1.32,1.19,0,0.3,2.81,,
425,Myst,PC,1994,Adventure,Red Orb,0.02,2.79,0,0,2.81,,
426,Metroid Prime,GC,2002,Shooter,Nintendo,1.96,0.67,0.1,0.09,2.82,,
427,WWE SmackDown! vs. Raw,PS2,2002,Fighting,THQ,1.32,1.08,0.04,0.39,2.83,,
428,BioShock,X360,2007,Shooter,Take-Two Interactive,1.65,0.86,0.05,0.28,2.83,,
429,Assassin's Creed: Brotherhood,PS3,2010,Action,Ubisoft,1.87,0.57,0.11,0.3,2.84,,
430,FIFA 16,PS3,2015,Sports,Electronic Arts,0.4,1.98,0.05,0.42,2.85,,
431,Skylanders: Spyro's Adventure,Wii,2011,Action,Activision,1.4,1.14,0,0.31,2.85,,
432,F-Zero,SNES,1990,Racing,Nintendo,1.37,0.51,0.89,0.07,2.85,,
433,Command & Conquer: Red Alert,PC,1996,Strategy,Virgin Interactive,1.37,1.34,0,0.14,2.85,,
434,Yoshi's Story,N64,1997,Platform,Nintendo,1.29,0.53,0.98,0.05,2.85,,
435,The Elder Scrolls III: Morrowind,XB,2002,Role-Playing,Ubisoft,2.09,0.63,0.03,0.11,2.86,,
436,Call of Duty: Ghosts,XOne,2013,Shooter,Activision,1.87,0.77,0,0.22,2.86,,
437,Colin McRae Rally,PS,1998,Racing,Codemasters,0.09,2.43,0.12,0.22,2.87,,
438,Imagine: Babyz,DS,2007,Simulation,Ubisoft,1.3,1.27,0,0.31,2.88,,
439,Syphon Filter,PS,1999,Shooter,Sony Computer Entertainment,2.03,0.72,0.02,0.11,2.88,,
440,Zumba Fitness 2,Wii,2011,Sports,Majesco Entertainment,1.54,1.07,0,0.28,2.88,,
441,Call of Duty: Finest Hour,PS2,2004,Shooter,Activision,1.51,1.12,0.01,0.24,2.89,,
442,Hot Shots Golf 3,PS2,2001,Sports,Sony Computer Entertainment,0.99,0.32,1.38,0.2,2.89,,
443,Need for Speed: Most Wanted,PS3,2012,Racing,Electronic Arts,0.71,1.51,0.06,0.61,2.89,,
444,World Soccer Winning Eleven 7 International,PS2,2003,Sports,Konami Digital Entertainment,0.08,1.24,1.13,0.45,2.9,,
445,Sega Superstars Tennis,X360,2008,Sports,Sega,1.75,0.86,0,0.28,2.9,,
446,Sonic Mega Collection Plus,PS2,2004,Misc,Sega,1.54,1.14,0,0.22,2.9,,
447,Titanfall,XOne,2014,Shooter,Electronic Arts,1.84,0.8,0.04,0.22,2.9,,
448,FIFA 14,PS4,2013,Sports,Electronic Arts,0.61,1.85,0.11,0.33,2.9,,
449,Super Mario World 2: Yoshi's Island,GBA,2002,Platform,Nintendo,1.75,0.45,0.62,0.09,2.91,,
450,Cooking Mama: Cook Off,Wii,2007,Simulation,505 Games,1.43,1.13,0.05,0.3,2.91,,
451,WarioWare: Smooth Moves,Wii,2006,Puzzle,Nintendo,0.87,1.06,0.73,0.26,2.92,,
452,Mass Effect,X360,2007,Role-Playing,Microsoft Game Studios,1.83,0.8,0.03,0.27,2.93,,
453,Pac-Man Collection,GBA,2001,Puzzle,Atari,2.07,0.77,0.05,0.05,2.94,,
454,inFAMOUS,PS3,2009,Action,Sony Computer Entertainment,1.76,0.69,0.12,0.37,2.94,,
455,WWE SmackDown! vs. RAW 2006,PS2,2005,Fighting,THQ,1.45,1.11,0.04,0.33,2.94,,
456,SOCOM II: U.S. Navy SEALs,PS2,2003,Shooter,Sony Computer Entertainment,2.22,0.51,0.06,0.15,2.94,,
457,Wave Race 64,N64,1996,Racing,Nintendo,1.98,0.58,0.34,0.04,2.94,,
458,Street Fighter IV,X360,2009,Fighting,Capcom,1.82,0.71,0.15,0.26,2.95,,
459,Hitman 2: Silent Assassin,PS2,2002,Action,Eidos Interactive,1.36,1.15,0.04,0.41,2.96,,
460,Kirby Super Star Ultra,DS,2008,Platform,Nintendo,1.57,0.04,1.19,0.15,2.96,,
461,Sonic Heroes,PS2,2003,Platform,Sega,1.04,1.37,0.06,0.49,2.96,,
462,Star Wars: The Old Republic,PC,2011,Role-Playing,Electronic Arts,1.58,1.01,0,0.38,2.97,,
463,The Sims 4,PC,2014,Simulation,Electronic Arts,0.96,1.72,0,0.29,2.97,,
464,Battlefield: Bad Company 2,PS3,2010,Shooter,Electronic Arts,1.33,1.12,0.08,0.45,2.97,,
465,Animal Crossing: Happy Home Designer,3DS,2015,Simulation,Nintendo,0.47,1,1.39,0.12,2.98,,
466,Devil May Cry,PS2,2001,Action,Capcom,1.36,0.86,0.64,0.13,2.99,,
467,World Soccer Winning Eleven 6 International,PS2,2002,Sports,Konami Digital Entertainment,0.12,1.26,1.16,0.45,2.99,,
468,Star Fox,SNES,1993,Shooter,Nintendo,1.61,0.51,0.8,0.07,2.99,,
469,The Sims: Livin Large,PC,2000,Misc,Electronic Arts,1.67,1.18,0,0.13,2.99,,
470,Middle-Earth: Shadow of Mordor,PS4,2014,Action,Warner Bros. Interactive Entertainment,1.01,1.41,0.05,0.53,2.99,,
471,wwe Smackdown vs. Raw 2006,PS2,2001,Fighting,2001,1.57,1.02,0,0.41,3,,
472,Dragon Ball Z: Budokai Tenkaichi 3,PS2,2007,Fighting,Atari,1.15,0,0.76,1.09,3,,
473,Gears of War: Ultimate Edition,XOne,2015,Shooter,Microsoft Game Studios,2.38,0.32,0,0.31,3,,
474,WWE SmackDown! Shut Your Mouth,PS2,2002,Sports,THQ,1.45,1.13,0.07,0.38,3.02,,
475,Mike Tyson's Punch-Out!!,NES,1987,Fighting,Nintendo,2.03,0.47,0.45,0.07,3.02,,
476,Killzone 2,PS3,2009,Shooter,Sony Computer Entertainment,1.4,1.07,0.08,0.47,3.02,,
477,Rayman,PS,1995,Platform,Ubisoft,1.54,1.33,0,0.16,3.03,,
478,Saints Row 2,X360,2008,Action,THQ,1.94,0.8,0.02,0.27,3.03,,
479,Epic Mickey,Wii,2010,Platform,Disney Interactive Studios,2.06,0.64,0.12,0.22,3.04,,
480,Far Cry 3,X360,2012,Shooter,Ubisoft,1.38,1.35,0.02,0.28,3.04,,
481,Kung Fu Panda,X360,2008,Action,Activision,1.91,0.84,0,0.29,3.05,,
482,Mass Effect 3,X360,2012,Role-Playing,Electronic Arts,1.94,0.86,0.03,0.24,3.07,,
483,Donkey Kong,GB,1994,Platform,Nintendo,1.57,0.62,0.55,0.34,3.07,,
484,The Sims: Vacation,PC,2002,Simulation,Electronic Arts,1.72,1.21,0,0.14,3.07,,
485,The Legend of Zelda: A Link Between Worlds,3DS,2013,Action,Nintendo,1.4,0.99,0.46,0.22,3.07,,
486,World Class Track Meet,NES,1986,Sports,Namco Bandai Games,1.92,0.45,0.64,0.07,3.08,,
487,Madden NFL 2002,PS2,2001,Sports,Electronic Arts,2.5,0.16,0.01,0.42,3.08,,
488,Dragon Ball Z: Budokai,PS2,2002,Fighting,Atari,2.17,0.28,0.55,0.08,3.09,,
489,Mass Effect 2,X360,2010,Role-Playing,Electronic Arts,1.99,0.82,0.03,0.27,3.11,,
490,Heavy Rain,PS3,2010,Adventure,Sony Computer Entertainment,1.29,1.27,0.06,0.5,3.12,,
491,Dragon Warrior IV,NES,1990,Role-Playing,Enix Corporation,0.08,0,3.03,0.01,3.12,,
492,The Elder Scrolls IV: Oblivion,PS3,2007,Role-Playing,Ubisoft,1.69,0.87,0.14,0.42,3.12,,
493,Personal Trainer: Cooking,DS,2006,Misc,Nintendo,0.91,1,1.03,0.17,3.12,,
494,Star Wars Episode I Racer,N64,1999,Racing,Nintendo,2.31,0.62,0.14,0.04,3.12,,
495,Need for Speed III: Hot Pursuit,PS,1998,Racing,Electronic Arts,2.14,0.86,0,0.13,3.12,,
496,Spider-Man,PS,2000,Action,Activision,1.7,1.25,0.02,0.16,3.13,,
497,FIFA Soccer 08,PS2,2007,Sports,Electronic Arts,0.68,0,0,2.46,3.14,,
498,Halo: The Master Chief Collection,XOne,2014,Shooter,Microsoft Game Studios,1.89,0.99,0.03,0.24,3.15,,
499,Sonic Rush,DS,2005,Platform,Sega,1.22,1.57,0.06,0.29,3.15,,
500,LEGO Batman: The Videogame,DS,2008,Action,Warner Bros. Interactive Entertainment,1.79,1.06,0,0.29,3.15,,
501,Animal Crossing,GC,2001,Simulation,Nintendo,1.92,0.16,0.99,0.09,3.15,,
502,Club Penguin: Elite Penguin Force,DS,2008,Adventure,Disney Interactive Studios,1.88,0.98,0,0.3,3.16,,
503,Ace Combat 04: Shattered Skies,PS2,2001,Simulation,Sony Computer Entertainment Europe,2.06,0.56,0.38,0.17,3.17,,
504,Rhythm Heaven,DS,2008,Misc,Nintendo,0.58,0.51,1.93,0.14,3.17,,
505,Fallout: New Vegas,PS3,2010,Role-Playing,Bethesda Softworks,1.52,1.08,0.1,0.47,3.17,,
506,Super Mario Maker,WiiU,2015,Platform,Nintendo,1.18,0.87,0.93,0.2,3.18,,
507,Enter the Matrix,PS2,2003,Action,Atari,1.78,1.12,0.09,0.19,3.18,,
508,Dance Central,X360,2010,Misc,MTV Games,2.15,0.77,0.01,0.26,3.19,,
509,Dragon Quest VI: Maboroshi no Daichi,SNES,1995,Role-Playing,Enix Corporation,0,0,3.19,0,3.19,,
510,God of War: Chains of Olympus,PSP,2008,Action,Sony Computer Entertainment,1.48,1.01,0.04,0.66,3.19,,
511,Crisis Core: Final Fantasy VII,PSP,2007,Role-Playing,Square Enix,1.35,0.6,0.8,0.44,3.19,,
512,WWF SmackDown! 2: Know Your Role,PS,2000,Fighting,THQ,1.76,1.21,0.07,0.16,3.2,,
513,Killer Instinct,SNES,1995,Fighting,Nintendo,2.26,0.72,0.12,0.1,3.2,,
514,Baseball,NES,1983,Sports,Nintendo,0.73,0.1,2.35,0.02,3.2,,
515,007: Tomorrow Never Dies,PS,1999,Shooter,Electronic Arts,1.72,1.33,0,0.16,3.21,,
516,Yokai Watch 2 Ganso/Honke,3DS,2014,Role-Playing,Nintendo,0.03,0,3.18,0,3.22,,
517,Tekken,PS,1995,Fighting,Sony Computer Entertainment,0.95,1.3,0.77,0.22,3.24,,
518,Monster Hunter X,3DS,2015,Action,Capcom,0.25,0.19,2.78,0.04,3.26,,
519,Gran Turismo (PSP),PSP,2009,Racing,Sony Computer Entertainment,0.5,1.59,0.31,0.87,3.27,,
520,Wii Music,Wii,2008,Misc,Nintendo,1.36,1.13,0.46,0.32,3.27,,
521,True Crime: Streets of LA,PS2,2003,Action,Activision,1.89,1.05,0.02,0.31,3.27,,
522,Assassin's Creed Syndicate,PS4,2015,Action,Ubisoft,0.8,1.92,0.06,0.5,3.28,,
523,The Lord of the Rings: The Return of the King,PS2,2003,Action,Electronic Arts,1.5,1.28,0.05,0.46,3.28,,
524,Max Payne,PS2,2001,Shooter,Take-Two Interactive,1.99,1.05,0.05,0.22,3.31,,
525,Star Wars Episode III: Revenge of the Sith,PS2,2005,Action,LucasArts,1.47,1.39,0.03,0.43,3.32,,
526,Mario Party 9,Wii,2012,Misc,Nintendo,1.15,1.17,0.76,0.24,3.32,,
527,Ratchet & Clank,PS2,2002,Platform,Sony Computer Entertainment,1.44,1.01,0.57,0.3,3.33,,
528,James Bond 007: Nightfire,PS2,2002,Shooter,Electronic Arts,1.45,1.29,0.12,0.46,3.33,,
529,English Training: Have Fun Improving Your Skills!,DS,2006,Misc,Nintendo,0,0.99,2.32,0.02,3.33,,
530,Rugrats: Search For Reptar,PS,1998,Adventure,THQ,1.63,1.53,0,0.18,3.34,,
531,Professor Layton and the Unwound Future,DS,2008,Puzzle,Nintendo,0.65,1.61,0.82,0.28,3.36,,
532,WWF War Zone,PS,1998,Fighting,Acclaim Entertainment,2.47,0.76,0,0.13,3.36,,
533,The Legend of Zelda: Majora's Mask,N64,2000,Action,Nintendo,1.9,0.67,0.73,0.06,3.36,,
534,The Legend of Zelda: Spirit Tracks,DS,2009,Action,Nintendo,1.43,0.94,0.74,0.27,3.38,,
535,Metal Gear Solid V: The Phantom Pain,PS4,2015,Action,Konami Digital Entertainment,1.08,1.35,0.48,0.47,3.38,,
536,Crash Bash,PS,2000,Misc,Sony Computer Entertainment,1.56,1.47,0.19,0.17,3.39,,
537,FIFA Soccer 2003,PS2,2002,Sports,Electronic Arts,0.46,2.28,0.05,0.61,3.4,,
538,F-1 Race,GB,1990,Racing,Nintendo,1.73,0.69,0.59,0.4,3.41,,
539,Spider-Man 2,PS2,2004,Action,Activision,1.75,1.2,0.02,0.43,3.41,,
540,Grand Theft Auto 2,PS,1998,Action,Take-Two Interactive,1.13,2.07,0,0.22,3.42,,
541,LittleBigPlanet 2,PS3,2011,Platform,Sony Computer Entertainment,1.82,1.07,0.06,0.47,3.42,,
542,Tekken 4,PS2,2002,Fighting,Namco Bandai Games,1.55,1.27,0.33,0.29,3.44,,
543,Monster Hunter 4,3DS,2013,Role-Playing,Capcom,0,0,3.44,0,3.44,,
544,Assassin's Creed: Unity,XOne,2014,Action,Ubisoft,2.26,0.89,0,0.3,3.46,,
545,Guitar Hero: On Tour,DS,2008,Misc,Activision,2.11,1.01,0.01,0.35,3.48,,
546,Star Wars Battlefront (2015),XOne,2015,Shooter,Electronic Arts,1.94,1.22,0.02,0.31,3.49,,
547,FIFA Soccer 2004,PS2,2001,Sports,Electronic Arts,0.59,2.36,0.04,0.51,3.49,,
548,Clubhouse Games,DS,2006,Misc,Nintendo,0.59,1.83,0.73,0.35,3.5,,
549,Batman: Arkham Asylum,X360,2009,Action,Eidos Interactive,2.2,0.97,0.02,0.31,3.5,,
550,Kung Fu,NES,1985,Action,Nintendo,1.64,0.38,1.42,0.06,3.5,,
551,Donkey Kong Country 3: Dixie Kong's Double Trouble!,SNES,1996,Platform,Nintendo,1.17,0.5,1.75,0.08,3.51,,
552,Resident Evil 5,X360,2009,Action,Capcom,2.11,0.94,0.12,0.34,3.51,,
553,Mario & Sonic at the Olympic Winter Games,DS,2009,Sports,Sega,1.22,1.66,0.27,0.38,3.52,,
554,Left 4 Dead,X360,2008,Shooter,Electronic Arts,2.66,0.5,0.05,0.3,3.52,,
555,Spyro 2: Ripto's Rage!,PS,1999,Platform,Sony Computer Entertainment,2.14,1.21,0.01,0.17,3.52,,
556,Rugrats in Paris: The Movie,PS,2000,Action,THQ,1.96,1.33,0,0.23,3.52,,
557,FIFA Soccer 11,X360,2010,Sports,Electronic Arts,0.71,2.4,0.02,0.4,3.53,,
558,LEGO Star Wars: The Video Game,PS2,2005,Action,Eidos Interactive,1.98,1.14,0.01,0.41,3.53,,
559,James Bond 007: Agent Under Fire,PS2,2001,Shooter,Electronic Arts,1.9,1.13,0.1,0.41,3.53,,
560,Tomb Raider III: Adventures of Lara Croft,PS,1997,Action,Eidos Interactive,1.66,1.58,0.12,0.18,3.54,,
561,The Getaway,PS2,2002,Action,Sony Computer Entertainment,1.23,1.77,0.05,0.49,3.54,,
562,Grand Theft Auto: Liberty City Stories,PS2,2006,Action,Take-Two Interactive,1.56,1.4,0.07,0.5,3.54,,
563,Croc: Legend of the Gobbos,PS,1997,Platform,Fox Interactive,1.57,1.79,0,0.2,3.56,,
564,WWF SmackDown!,PS,2000,Fighting,THQ,2.01,1.35,0.06,0.16,3.58,,
565,Star Wars: Battlefront II,PS2,2005,Shooter,LucasArts,2.18,1.02,0.03,0.37,3.59,,
566,Luigi's Mansion,GC,2001,Action,Nintendo,2.38,0.67,0.46,0.1,3.6,,
567,Cooking Mama 2: Dinner With Friends,DS,2007,Simulation,505 Games,1.61,1.5,0.1,0.39,3.61,,
568,The Simpsons: Road Rage,PS2,2001,Racing,Electronic Arts,2.02,1.17,0,0.42,3.61,,
569,Doom II: Hell on Earth,PC,1994,Shooter,Virgin Interactive,2.05,1.4,0,0.16,3.61,,
570,Star Wars: Battlefront,PS2,2004,Shooter,LucasArts,1.93,1.22,0.03,0.44,3.61,,
571,Pro Evolution Soccer 2008,PS2,2007,Sports,Konami Digital Entertainment,0.05,0,0.64,2.93,3.63,,
572,Pokemon Snap,N64,1999,Simulation,Nintendo,2.23,0.68,0.66,0.06,3.63,,
573,Jak and Daxter: The Precursor Legacy,PS2,2001,Platform,Sony Computer Entertainment,2.08,1.09,0.15,0.33,3.64,,
574,Gran Turismo 6,PS3,2013,Racing,Sony Computer Entertainment,0.71,1.8,0.4,0.74,3.64,,
575,SOCOM: U.S. Navy SEALs,PS2,2002,Shooter,Sony Computer Entertainment,2.53,0.81,0.06,0.24,3.65,,
576,Banjo-Kazooie,N64,1998,Platform,Nintendo,1.87,1.13,0.55,0.1,3.65,,
577,Midnight Club 3: DUB Edition,PSP,2005,Racing,Take-Two Interactive,1.65,1.22,0,0.79,3.66,,
578,Tony Hawk's Pro Skater 4,PS2,2002,Sports,Activision,2.13,1.18,0.01,0.35,3.67,,
579,Friend Collection,DS,2009,Misc,Nintendo,0,0,3.67,0,3.67,,
580,MySims,DS,2007,Simulation,Electronic Arts,1.59,1.61,0.08,0.41,3.69,,
581,PokÃ©mon Trading Card Game,GB,1998,Strategy,Nintendo,1.49,0.73,1.38,0.1,3.7,,
582,FIFA Soccer 2005,PS2,2004,Sports,Electronic Arts,0.58,2.48,0.04,0.59,3.7,,
583,Spyro: Year of the Dragon,PS,2000,Platform,Sony Computer Entertainment,1.93,1.58,0,0.19,3.71,,
584,Resident Evil 3: Nemesis,PS,1999,Action,Eidos Interactive,1.3,0.77,1.54,0.11,3.72,,
585,The Witcher 3: Wild Hunt,PS4,2015,Role-Playing,Namco Bandai Games,0.96,2,0.21,0.56,3.73,,
586,Harry Potter and the Sorcerer's Stone,PS,2001,Action,Electronic Arts,1.37,2,0.14,0.22,3.73,,
587,Super Paper Mario,Wii,2007,Platform,Nintendo,1.98,0.88,0.59,0.32,3.76,,
588,The Sims: Unleashed,PC,2002,Simulation,Electronic Arts,2.03,1.56,0,0.17,3.76,,
589,Just Dance 2014,Wii,2013,Misc,Ubisoft,1.98,1.47,0,0.32,3.76,,
590,Ratchet & Clank: Size Matters,PSP,2007,Platform,Sony Computer Entertainment,1.4,1.4,0.1,0.87,3.77,,
591,Resident Evil Director's Cut,PS,1996,Action,Virgin Interactive,1.82,1.24,0.47,0.25,3.77,,
592,Mario & Sonic at the London 2012 Olympic Games,Wii,2011,Sports,Sega,1.14,1.91,0.27,0.46,3.78,,
593,Batman: Arkham Knight,PS4,2015,Action,Warner Bros. Interactive Entertainment,1.49,1.58,0.1,0.61,3.79,,
594,Nintendogs + cats,3DS,2011,Simulation,Nintendo,1.44,1.37,0.73,0.27,3.81,,
595,Big Brain Academy: Wii Degree,Wii,2007,Misc,Nintendo,1.06,1.93,0.41,0.43,3.82,,
596,Mario & Luigi: Bowser's Inside Story,DS,2009,Role-Playing,Nintendo,2.26,0.48,0.81,0.27,3.83,,
597,The Legend of Zelda: Link's Awakening,GB,1992,Action,Nintendo,2.21,0.96,0.54,0.13,3.83,,
598,Namco Museum Vol.1,PS,1995,Misc,Sony Computer Entertainment,2.12,1.44,0.22,0.06,3.84,,
599,Flash Focus: Vision Training in Minutes a Day,DS,2007,Misc,Nintendo,0.87,1.57,1.05,0.35,3.84,,
600,World Soccer Winning Eleven 8 International,PS2,2004,Sports,Konami Digital Entertainment,0.16,1.89,1.12,0.68,3.85,,
601,Sports Champions,PS3,2010,Sports,Sony Computer Entertainment,2.12,1.14,0.1,0.51,3.87,,
602,Dragon Warrior III,NES,1988,Role-Playing,Enix Corporation,0.1,0,3.77,0,3.87,,
603,Tekken 5,PS2,2005,Fighting,Namco Bandai Games,0.93,1.94,0.31,0.7,3.87,,
604,The Elder Scrolls V: Skyrim,PC,2011,Role-Playing,Bethesda Softworks,1.15,2.09,0,0.64,3.88,,
605,MotorStorm,PS3,2006,Racing,Sony Computer Entertainment,1.53,1.61,0.06,0.67,3.88,,
606,Monster Hunter 4 Ultimate,3DS,2014,Role-Playing,Nintendo,0.67,0.49,2.62,0.11,3.89,,
607,Tony Hawk's Underground,PS2,2003,Sports,Activision,2.29,1.17,0.01,0.42,3.9,,
608,Donkey Kong Land,GB,1994,Platform,Nintendo,1.97,0.76,1.07,0.11,3.91,,
609,EA Sports Active,Wii,2009,Sports,Electronic Arts,2.1,1.36,0.06,0.4,3.92,,
610,Namco Museum: 50th Anniversary,PS2,2005,Misc,Namco Bandai Games,2.08,1.35,0,0.54,3.98,,
611,Left 4 Dead 2,X360,2009,Shooter,Electronic Arts,2.67,0.89,0.05,0.37,3.99,,
612,Professor Layton and the Diabolical Box,DS,2007,Puzzle,Nintendo,0.92,1.78,0.92,0.37,4,,
613,Fallout 3,PS3,2008,Role-Playing,Bethesda Softworks,2.15,1.2,0.07,0.59,4.01,,
614,Star Fox 64,N64,1997,Shooter,Nintendo,2.78,0.58,0.64,0.04,4.03,,
615,Far Cry 4,PS4,2014,Shooter,Ubisoft,1.12,2.12,0.1,0.69,4.03,,
616,Tekken Tag Tournament,PS2,2000,Fighting,Namco Bandai Games,1.68,1.51,0.51,0.35,4.05,,
617,Namco Museum Vol.3,PS,1996,Misc,Sony Computer Entertainment,2.28,1.55,0.16,0.06,4.05,,
618,World Soccer Winning Eleven 9,PS2,2005,Sports,Konami Digital Entertainment,0.12,2.26,0.9,0.77,4.06,,
619,Forza Motorsport 2,X360,2007,Racing,Microsoft Game Studios,2.35,1.28,0.03,0.41,4.06,,
620,God of War II,PS2,2007,Action,Sony Computer Entertainment,2.32,0.04,0.04,1.67,4.07,,
621,World of Warcraft: The Burning Crusade,PC,2007,Role-Playing,Activision,2.57,1.52,0,0,4.09,,
622,Fallout 4,XOne,2015,Role-Playing,Bethesda Softworks,2.45,1.26,0.01,0.37,4.09,,
623,Street Fighter II Turbo,SNES,1992,Fighting,Capcom,1.42,0.51,2.1,0.07,4.1,,
624,The Legend of Zelda: Skyward Sword,Wii,2011,Action,Nintendo,2.14,1.2,0.37,0.4,4.1,,
625,FIFA Soccer 07,PS2,2006,Sports,Electronic Arts,0.71,2.48,0.03,0.89,4.11,,
626,Half-Life,PC,1997,Shooter,Vivendi Games,4.03,0,0.09,0,4.12,,
627,Madden NFL 2003,PS2,2002,Sports,Electronic Arts,3.36,0.21,0.01,0.56,4.14,,
628,Excitebike,NES,1984,Racing,Nintendo,2.04,0.48,1.57,0.07,4.16,,
629,Teenage Mutant Ninja Turtles,NES,1989,Action,Palcom,3.38,0.44,0.31,0.04,4.17,,
630,FIFA 12,X360,2011,Sports,Electronic Arts,0.84,2.79,0.02,0.53,4.19,,
631,Assassin's Creed: Revelations,X360,2011,Action,Ubisoft,2.25,1.47,0.04,0.43,4.19,,
632,Gran Turismo 5 Prologue,PS3,2007,Racing,Sony Computer Entertainment,1.28,1.83,0.57,0.53,4.2,,
633,Uncharted 4: A Thief's End,PS4,2016,Shooter,Sony Computer Entertainment,1.3,2.07,0.18,0.65,4.2,,
634,EyeToy Play,PS2,2003,Misc,Sony Computer Entertainment,0.88,2.3,0.2,0.83,4.2,,
635,FIFA Soccer 06,PS2,2005,Sports,Electronic Arts,0.78,2.55,0.04,0.84,4.21,,
636,The Legend of Zelda: Ocarina of Time,3DS,2011,Action,Nintendo,2.03,1.27,0.62,0.3,4.21,,
637,Warcraft II: Tides of Darkness,PC,1995,Strategy,Activision,1.7,2.27,0,0.23,4.21,,
638,Daxter,PSP,2006,Platform,Sony Computer Entertainment,2.45,1.02,0,0.75,4.22,,
639,Metal Gear Solid 3: Snake Eater,PS2,2004,Action,Konami Digital Entertainment,1.46,0,0.83,1.93,4.23,,
640,Super Mario 3D World,WiiU,2013,Platform,Nintendo,2.11,1.11,0.72,0.3,4.25,,
641,Halo 5: Guardians,XOne,2015,Shooter,Microsoft Game Studios,2.64,1.2,0.03,0.39,4.26,,
642,Fable II,X360,2008,Role-Playing,Microsoft Game Studios,2.51,1.27,0.11,0.41,4.31,,
643,Asteroids,JP,1980,Shooter,Atari,4,0.26,0,0.05,4.31,,
644,Call of Duty: Advanced Warfare,X360,2014,Shooter,Activision,2.75,1.18,0,0.37,4.31,,
645,Kingdom Hearts II,PS2,2005,Role-Playing,Square Enix,2.2,0.58,1.38,0.17,4.33,,
646,Sonic the Hedgehog,GEN,1991,Platform,Sega,3.03,0.91,0.26,0.13,4.34,,
647,Resistance: Fall of Man,PS3,2006,Shooter,Sony Computer Entertainment,1.73,1.73,0.14,0.75,4.35,,
648,Zelda II: The Adventure of Link,NES,1987,Adventure,Nintendo,2.19,0.5,1.61,0.08,4.38,,
649,Winning Eleven: Pro Evolution Soccer 2007,PS2,2006,Sports,Konami Digital Entertainment,0.1,2.39,1.05,0.86,4.39,,
650,Tony Hawk's Pro Skater 3,PS2,2001,Sports,Activision,2.66,1.29,0.01,0.46,4.41,,
651,Michael Jackson: The Experience,Wii,2010,Misc,Ubisoft,2.67,1.35,0.01,0.39,4.42,,
652,Nintendo Land,WiiU,2012,Misc,Nintendo,2.55,1.11,0.46,0.33,4.44,,
653,God of War,PS2,2005,Action,Sony Computer Entertainment,2.71,1.29,0.02,0.43,4.45,,
654,Uncharted: The Nathan Drake Collection,PS4,2015,Action,Sony Computer Entertainment,1.96,1.69,0.08,0.74,4.47,,
655,Dragon Quest VII: Warriors of Eden,PS,2000,Role-Playing,Enix Corporation,0.2,0.14,4.1,0.02,4.47,,
656,Spider-Man: The Movie,PS2,2002,Action,Activision,2.71,1.51,0.03,0.23,4.48,,
657,Pitfall!,JP,1981,Platform,Activision,4.21,0.24,0,0.05,4.5,,
658,Madden NFL 2005,PS2,2004,Sports,Electronic Arts,4.18,0.26,0.01,0.08,4.53,,
659,The Last of Us,PS4,2014,Action,Sony Computer Entertainment,1.78,1.87,0.07,0.82,4.55,,
660,Splatoon,WiiU,2015,Shooter,Nintendo,1.55,1.15,1.44,0.43,4.57,,
661,Luigi's Mansion: Dark Moon,3DS,2013,Action,Nintendo,1.78,1.39,1.1,0.3,4.58,,
662,Tomb Raider,PS,1996,Action,Eidos Interactive,2.29,1.97,0.13,0.24,4.63,,
663,Forza Motorsport 4,X360,2011,Racing,Microsoft Game Studios,2.08,2.04,0.06,0.47,4.64,,
664,The Lord of the Rings: The Two Towers,PS2,2002,Action,Electronic Arts,1.94,1.95,0.08,0.7,4.67,,
665,Animal Crossing: City Folk,Wii,2008,Simulation,Nintendo,1.87,1.12,1.32,0.37,4.68,,
666,Tony Hawk's Pro Skater 2,PS,2000,Sports,Activision,3.05,1.41,0.02,0.2,4.68,,
667,The Simpsons: Hit & Run,PS2,2003,Racing,Vivendi Games,1.73,2.19,0,0.79,4.7,,
668,Driver 2,PS,2000,Action,Atari,2.36,2.1,0.02,0.25,4.73,,
669,Batman: Arkham City,X360,2011,Action,Warner Bros. Interactive Entertainment,2.99,1.31,0.04,0.41,4.76,,
670,FIFA 17,PS4,2016,Sports,Electronic Arts,0.28,3.75,0.06,0.69,4.77,,
671,Crash Team Racing,PS,1999,Racing,Sony Computer Entertainment,2.57,1.57,0.44,0.21,4.79,,
672,Assassin's Creed,PS3,2007,Adventure,Ubisoft,1.91,2,0.09,0.83,4.83,,
673,StarCraft II: Wings of Liberty,PC,2010,Strategy,Activision,2.56,1.68,0,0.59,4.83,,
674,God of War III,PS3,2010,Action,Sony Computer Entertainment,2.74,1.36,0.12,0.63,4.84,,
675,Dr. Mario,NES,1990,Puzzle,Nintendo,2.62,0.6,1.52,0.1,4.85,,
676,Monster Hunter Freedom 3,PSP,2010,Role-Playing,Capcom,0,0,4.87,0,4.87,,
677,Diddy Kong Racing,N64,1997,Racing,Nintendo,2.91,0.99,0.89,0.1,4.88,,
678,Uncharted: Drake's Fortune,PS3,2007,Action,Sony Computer Entertainment,2.31,1.73,0.12,0.78,4.94,,
679,Pokemon Mystery Dungeon,DS,2007,Role-Playing,Nintendo,1.85,1.2,1.54,0.37,4.96,,
680,Link's Crossbow Training,Wii,2007,Shooter,Nintendo,3.06,1.18,0.29,0.46,5,,
681,Spyro the Dragon,PS,1998,Platform,Sony Computer Entertainment,3.36,1.36,0.07,0.21,5,,
682,Warzone 2100,PS,1999,Strategy,Eidos Interactive,2.79,1.89,0,0.33,5.01,,
683,Super Smash Bros. for Wii U and 3DS,WiiU,2014,Fighting,Nintendo,2.59,1.06,0.8,0.57,5.02,,
684,Resident Evil,PS,1996,Action,Virgin Interactive,2.05,1.16,1.11,0.73,5.05,,
685,Super Mario Bros.,GB,1999,Platform,Nintendo,3.4,1.3,0.15,0.22,5.07,,
686,Grand Theft Auto: Vice City Stories,PSP,2006,Action,Take-Two Interactive,1.7,2.02,0.16,1.21,5.08,,
687,Grand Theft Auto V,XOne,2014,Action,Take-Two Interactive,2.66,2.01,0,0.41,5.08,games/image/GTA5.jpg,games/text/GTA5.txt
688,Microsoft Flight Simulator,PC,1996,Simulation,Microsoft Game Studios,3.22,1.69,0,0.2,5.12,,
689,Fable III,X360,2010,Role-Playing,Microsoft Game Studios,3.59,1.11,0.05,0.38,5.13,,
690,Kirby's Dream Land,GB,1992,Platform,Nintendo,2.71,0.61,1.7,0.11,5.13,,
691,Medal of Honor: Rising Sun,PS2,2003,Shooter,Electronic Arts,1.98,2.23,0.13,0.8,5.13,,
692,Mario & Sonic at the Olympic Games,DS,2008,Sports,Sega,1.64,2.48,0.44,0.58,5.14,,
693,Tomodachi Life,3DS,2013,Simulation,Nintendo,0.96,2.02,1.89,0.28,5.15,,
694,Donkey Kong Country 2: Diddy's Kong Quest,SNES,1995,Platform,Nintendo,2.1,0.74,2.2,0.11,5.15,,
695,The Legend of Zelda: Phantom Hourglass,DS,2007,Action,Nintendo,1.9,1.83,0.95,0.49,5.17,,
696,FIFA Soccer 13,X360,2012,Action,Electronic Arts,1.08,3.48,0.03,0.58,5.18,,
697,Super Mario Land 3: Wario Land,GB,1994,Platform,Nintendo,2.49,0.98,1.57,0.15,5.19,,
698,New Super Mario Bros. U,WiiU,2012,Platform,Nintendo,2.32,1.3,1.27,0.31,5.19,,
699,Super Mario Bros. 3,GBA,2003,Platform,Nintendo,2.93,1.25,0.83,0.2,5.2,,
700,Dragon Quest VIII: Journey of the Cursed King,PS2,2004,Role-Playing,Square Enix,0.65,0.75,3.61,0.2,5.21,,
701,Madden NFL 2004,PS2,1990,Sports,Electronic Arts,4.26,0.26,0.01,0.71,5.23,,
702,Professor Layton and the Curious Village,DS,2007,Puzzle,Nintendo,1.22,2.48,1.03,0.52,5.26,,
703,Assassin's Creed II,X360,2009,Action,Ubisoft,3.1,1.56,0.08,0.51,5.27,,
704,Donkey Kong 64,N64,1999,Platform,Nintendo,3.33,0.79,1.09,0.06,5.27,,
705,Final Fantasy X-2,PS2,2003,Role-Playing,Electronic Arts,1.92,1.08,2.11,0.17,5.29,,
706,Final Fantasy IX,PS,2000,Role-Playing,SquareSoft,1.62,0.77,2.78,0.14,5.3,,
707,Assassin's Creed III,X360,2012,Action,Ubisoft,3.13,1.71,0.03,0.44,5.3,,
708,Pokemon Pinball,GB,1999,Misc,Nintendo,3.02,1.12,1.01,0.16,5.31,,
709,Crash Bandicoot: The Wrath of Cortex,PS2,2001,Platform,Universal Interactive,2.07,2.29,0.24,0.82,5.42,,
710,Pokemon Stadium,N64,1999,Strategy,Nintendo,3.18,1.24,0.94,0.09,5.45,,
711,Super Mario World,GBA,2001,Platform,Nintendo,3.21,1.11,0.95,0.2,5.46,,
712,Mario Kart: Super Circuit,GBA,2001,Racing,Nintendo,2.62,1.64,0.99,0.23,5.47,,
713,Super Mario Advance,GBA,2001,Platform,Nintendo,3.14,1.24,0.91,0.2,5.49,,
714,Monster Hunter Freedom Unite,PSP,2008,Role-Playing,Capcom,0.47,0.57,4.13,0.34,5.5,,
715,Forza Motorsport 3,X360,2009,Racing,Microsoft Game Studios,2.99,1.92,0.1,0.51,5.51,,
716,Super Smash Bros.,N64,1999,Fighting,Nintendo,2.95,0.6,1.97,0.04,5.55,,
717,Tetris,NES,1988,Puzzle,Nintendo,2.97,0.69,1.81,0.11,5.58,,
718,Cooking Mama,DS,2006,Simulation,505 Games,3.13,1.94,0.07,0.58,5.72,,
719,Tekken 2,PS,1996,Fighting,Sony Computer Entertainment,2.26,1.89,1.36,0.23,5.74,,
720,Resident Evil 2,PS,1998,Action,Virgin Interactive,1.88,1.47,2.02,0.45,5.82,,
721,Dragon Quest IX: Sentinels of the Starry Skies,DS,2009,Role-Playing,Nintendo,0.66,0.69,4.35,0.15,5.84,,
722,Final Fantasy XII,PS2,2006,Role-Playing,Square Enix,1.88,0,2.33,1.74,5.95,,
723,Metal Gear Solid,PS,1998,Action,Konami Digital Entertainment,3.18,1.83,0.78,0.24,6.03,,
724,Metal Gear Solid 4: Guns of the Patriots,PS3,2008,Action,Konami Digital Entertainment,2.63,1.74,0.83,0.83,6.03,,
725,Sonic the Hedgehog 2,GEN,1992,Platform,Sega,4.47,1.2,0.16,0.19,6.03,,
726,Metal Gear Solid 2: Sons of Liberty,PS2,2001,Action,Konami Digital Entertainment,2.45,2.01,0.87,0.72,6.05,,
727,Gears of War,X360,2006,Shooter,Microsoft Game Studios,3.54,1.9,0.07,0.6,6.11,,
728,Gears of War 3,X360,2011,Shooter,Microsoft Game Studios,4.05,1.62,0.07,0.49,6.24,,
729,Kinect Sports,X360,2010,Sports,Microsoft Game Studios,3.92,1.78,0.03,0.51,6.24,,
730,Driver,PS,1999,Action,GT Interactive,3.11,2.8,0.02,0.33,6.27,,
731,World of Warcraft,PC,2004,Role-Playing,Activision,0.07,6.21,0,0,6.28,,
732,Street Fighter II: The World Warrior,SNES,1992,Fighting,Capcom,2.47,0.83,2.87,0.12,6.3,,
733,Super Mario Sunshine,GC,2002,Platform,Nintendo,4.01,1.26,0.87,0.17,6.31,,
734,Red Dead Redemption,X360,2010,Action,Take-Two Interactive,3.7,1.97,0.09,0.57,6.34,,
735,Halo 3: ODST,X360,2009,Shooter,Microsoft Game Studios,4.34,1.35,0.06,0.61,6.36,,
736,PokÃ©mon Crystal Version,GB,2000,Role-Playing,Nintendo,2.55,1.56,1.29,0.99,6.39,,
737,Kingdom Hearts,PS2,2002,Role-Playing,Sony Computer Entertainment,3.64,1.2,1.49,0.07,6.4,,
738,PokÃ©mon Emerald Version,GBA,2004,Role-Playing,Nintendo,2.57,1.58,2.06,0.21,6.41,,
739,Halo: Combat Evolved,XB,2001,Shooter,Microsoft Game Studios,4.98,1.3,0.08,0.07,6.43,,
740,The Legend of Zelda,NES,1986,Action,Nintendo,3.74,0.93,1.69,0.14,6.51,,
741,Big Brain Academy,DS,2005,Misc,Nintendo,1.67,2.78,1.6,0.62,6.67,,
742,Call of Duty 4: Modern Warfare,PS3,2007,Shooter,Activision,3.1,2.3,0.28,1.04,6.72,,
743,Uncharted 2: Among Thieves,PS3,2009,Action,Sony Computer Entertainment,3.27,2.25,0.21,1,6.73,,
744,Gears of War 2,X360,2008,Shooter,Microsoft Game Studios,4.15,1.92,0.06,0.64,6.76,,
745,Crash Bandicoot,PS,1996,Platform,Sony Computer Entertainment,3.23,2.35,0.94,0.3,6.82,,
746,Uncharted 3: Drake's Deception,PS3,2011,Action,Sony Computer Entertainment,2.77,2.8,0.19,1.06,6.83,,
747,Medal of Honor: Frontline,PS2,2002,Shooter,Electronic Arts,2.93,2.75,0.17,0.99,6.83,,
748,Just Dance 4,Wii,2012,Misc,Ubisoft,4.14,2.21,0,0.56,6.91,,
749,Mario Kart: Double Dash!!,GC,2003,Racing,Nintendo,4.12,1.77,0.87,0.19,6.95,,
750,Mario Kart 8,WiiU,2014,Racing,Nintendo,3.13,2.07,1.27,0.49,6.96,,
751,Super Smash Bros. Melee,GC,2001,Fighting,Nintendo,4.41,1.04,1.39,0.22,7.07,,
752,Crash Bandicoot 3: Warped,PS,1998,Platform,Sony Computer Entertainment,3.68,1.75,1.42,0.28,7.13,,
753,Tekken 3,PS,1998,Fighting,Sony Computer Entertainment,3.27,2.22,1.4,0.29,7.16,,
754,Need for Speed Underground,PS2,2003,Racing,Electronic Arts,3.27,2.83,0.08,1.02,7.2,,
755,Just Dance,Wii,2009,Misc,Ubisoft,3.51,3.03,0,0.73,7.27,,
756,The Legend of Zelda: Twilight Princess,Wii,2006,Action,Nintendo,3.83,2.19,0.6,0.7,7.31,,
757,Super Mario Bros. 2,NES,1988,Platform,Nintendo,5.39,1.18,0.7,0.19,7.46,,
758,Crash Bandicoot 2: Cortex Strikes Back,PS,1997,Platform,Sony Computer Entertainment,3.78,2.17,1.31,0.31,7.58,,
759,Super Mario Galaxy 2,Wii,2010,Platform,Nintendo,3.66,2.42,0.98,0.64,7.69,,
760,Pac-Man,DS,1982,Puzzle,Atari,7.28,0.45,0,0.08,7.81,,
761,PokÃ©mon Platinum Version,DS,2008,Role-Playing,Nintendo,2.82,1.78,2.69,0.55,7.84,,
762,Final Fantasy VIII,PS,1999,Role-Playing,SquareSoft,2.28,1.72,3.63,0.23,7.86,,
763,Final Fantasy X,PS2,2001,Role-Playing,Sony Computer Entertainment,2.91,2.07,2.73,0.33,8.05,,
764,GoldenEye 007,N64,1997,Shooter,Nintendo,5.8,2.01,0.13,0.15,8.09,,
765,Pokemon Black 2/Pokemon White 2,DS,2012,Role-Playing,Nintendo,2.91,1.86,3.14,0.43,8.33,,
766,Mario Party 8,Wii,2007,Misc,Nintendo,3.81,2.3,1.58,0.73,8.42,,
767,Halo 2,XB,2004,Shooter,Microsoft Game Studios,6.82,1.53,0.05,0.08,8.49,,
768,Wii Party,Wii,2010,Misc,Nintendo,1.79,3.53,2.49,0.68,8.49,,
769,Super Mario Kart,SNES,1992,Racing,Nintendo,3.54,1.24,3.81,0.18,8.76,,
770,Mario Party DS,DS,2007,Misc,Nintendo,4.46,1.88,1.98,0.7,9.02,,
771,Animal Crossing: New Leaf,3DS,2012,Simulation,Nintendo,2.01,2.32,4.36,0.41,9.09,,
772,Gran Turismo 2,PS,1999,Racing,Sony Computer Entertainment,3.88,3.42,1.69,0.5,9.49,,
773,Just Dance 2,Wii,2010,Misc,Ubisoft,5.84,2.89,0.01,0.78,9.52,,
774,Final Fantasy VII,PS,1997,Role-Playing,Sony Computer Entertainment,3.01,2.47,3.28,0.96,9.72,,
775,Halo 4,X360,2012,Shooter,Microsoft Game Studios,6.63,2.36,0.04,0.73,9.76,,
776,New Super Mario Bros. 2,3DS,2012,Platform,Nintendo,3.66,3.07,2.47,0.63,9.82,,
777,Mario Kart 64,N64,1996,Racing,Nintendo,5.55,1.94,2.23,0.15,9.87,,
778,Halo: Reach,X360,2010,Shooter,Microsoft Game Studios,7.03,1.98,0.08,0.78,9.88,,
779,Super Mario 64,DS,2004,Platform,Nintendo,5.08,3.11,1.25,0.98,10.42,,
780,Pokemon FireRed/Pokemon LeafGreen,GBA,2004,Role-Playing,Nintendo,4.34,2.65,3.15,0.35,10.49,,
781,Super Mario All-Stars,SNES,1993,Platform,Nintendo,5.99,2.15,2.12,0.29,10.55,,
782,Grand Theft Auto IV,PS3,2008,Action,Take-Two Interactive,4.76,3.76,0.44,1.62,10.57,,
783,Call of Duty: Modern Warfare 2,PS3,2009,Shooter,Activision,4.99,3.69,0.38,1.63,10.69,,
784,Gran Turismo 5,PS3,2010,Racing,Sony Computer Entertainment,2.96,4.88,0.81,2.12,10.77,,
785,Super Mario 3D Land,3DS,2011,Platform,Nintendo,4.89,2.99,2.13,0.78,10.79,,
786,Gran Turismo,PS,1997,Racing,Sony Computer Entertainment,4.02,3.87,2.54,0.52,10.95,,
787,Super Mario Land 2: 6 Golden Coins,GB,1992,Adventure,Nintendo,6.16,2.04,2.69,0.29,11.18,,
788,Pokemon Omega Ruby/Pokemon Alpha Sapphire,3DS,2014,Role-Playing,Nintendo,4.23,3.37,3.08,0.65,11.33,,
789,Super Mario Galaxy,Wii,2007,Platform,Nintendo,6.16,3.4,1.2,0.76,11.52,,
790,Gran Turismo 4,PS2,2004,Racing,Sony Computer Entertainment,3.01,0.01,1.1,7.53,11.66,,
791,Pokemon HeartGold/Pokemon SoulSilver,DS,2009,Action,Nintendo,4.4,2.77,3.96,0.77,11.9,,
792,Halo 3,X360,2007,Shooter,Microsoft Game Studios,7.97,2.83,0.13,1.21,12.14,,
793,Mario Kart 7,3DS,2011,Racing,Nintendo,4.74,3.91,2.67,0.89,12.21,,
794,Animal Crossing: Wild World,DS,2005,Simulation,Nintendo,2.55,3.52,5.33,0.88,12.27,,
795,Call of Duty: Black Ops,PS3,2010,Shooter,Activision,5.98,4.44,0.48,1.83,12.73,,
796,Super Smash Bros. Brawl,Wii,2008,Fighting,Nintendo,6.75,2.61,2.66,1.02,13.04,,
797,Grand Theft Auto III,PS2,2001,Action,Take-Two Interactive,6.99,4.51,0.3,1.3,13.1,,
798,Call of Duty: Modern Warfare 3,PS3,2011,Shooter,Activision,5.54,5.82,0.49,1.62,13.46,,
799,Call of Duty: Black Ops II,X360,2012,Shooter,Activision,8.25,4.3,0.07,1.12,13.73,,
800,Pokemon X/Pokemon Y,3DS,2013,Role-Playing,Nintendo,5.17,4.05,4.34,0.79,14.35,,
801,PokÃ©mon Yellow,GB,1998,Role-Playing,Nintendo,5.89,5.04,3.12,0.59,14.64,,
802,Gran Turismo 3: A-Spec,PS2,2001,Racing,Sony Computer Entertainment,6.85,5.09,1.87,1.16,14.98,,
803,Brain Age 2: More Training in Minutes a Day,DS,2005,Puzzle,Nintendo,3.44,5.36,5.32,1.18,15.3,,
804,Pokemon Black/Pokemon White,DS,2010,Role-Playing,Nintendo,5.57,3.28,5.65,0.82,15.32,,
805,Pokemon Ruby/Pokemon Sapphire,GBA,2002,Role-Playing,Nintendo,6.06,3.9,5.38,0.5,15.85,,
806,Grand Theft Auto: Vice City,PS2,2002,Action,Take-Two Interactive,8.41,5.49,0.47,1.78,16.15,,
807,Super Mario Land,GB,1989,Platform,Nintendo,10.83,2.71,4.18,0.42,18.14,,
808,Pokemon Diamond/Pokemon Pearl,DS,2006,Role-Playing,Nintendo,6.42,4.52,6.04,1.37,18.36,,
809,Brain Age: Train Your Brain in Minutes a Day,DS,2005,Misc,Nintendo,4.75,9.26,4.16,2.05,20.22,,
810,Kinect Adventures!,X360,2010,Misc,Microsoft Game Studios,14.97,4.94,0.24,1.67,21.82,,
811,Wii Fit Plus,Wii,2009,Sports,Nintendo,9.09,8.59,2.53,1.79,22,,
812,Wii Fit,Wii,2007,Sports,Nintendo,8.94,8.03,3.6,2.15,22.72,,
813,Pokemon Gold/Pokemon Silver,GB,1999,Role-Playing,Nintendo,9,6.18,7.2,0.71,23.1,,
814,Mario Kart DS,DS,2005,Racing,Nintendo,9.81,7.57,4.13,1.92,23.42,,
815,Nintendogs,DS,2005,Simulation,Nintendo,9.07,11,1.93,2.75,24.76,,
816,Duck Hunt,NES,1984,Shooter,Nintendo,26.93,0.63,0.28,0.47,28.31,,
817,New Super Mario Bros. Wii,Wii,2009,Platform,Nintendo,14.59,7.06,4.7,2.26,28.62,,
818,Wii Play,Wii,2006,Misc,Nintendo,14.03,9.2,2.93,2.85,29.02,,
819,New Super Mario Bros.,DS,2006,Platform,Nintendo,11.38,9.23,6.5,2.9,30.01,,
820,Pokemon Red/Pokemon Blue,GB,1996,Role-Playing,Nintendo,11.27,8.89,10.22,1,31.37,,
821,Wii Sports Resort,Wii,2009,Sports,Nintendo,15.75,11.01,3.28,2.96,33,,
822,Mario Kart Wii,Wii,2008,Racing,Nintendo,15.85,12.88,3.79,3.31,35.82,,
823,Wii Sports,Wii,2006,Sports,Nintendo,41.49,29.02,3.77,8.46,82.74,,
